# Sequel Pro dump
# Version 2492
# http://code.google.com/p/sequel-pro
#
# Host: 10.179.54.29 (MySQL 5.1.41-3ubuntu12)
# Database: athenasites
# Generation Time: 2010-08-24 18:49:26 -0600
# ************************************************************

/*!40101 SET @OLD_CHARACTER_SET_CLIENT=@@CHARACTER_SET_CLIENT */;
/*!40101 SET @OLD_CHARACTER_SET_RESULTS=@@CHARACTER_SET_RESULTS */;
/*!40101 SET @OLD_COLLATION_CONNECTION=@@COLLATION_CONNECTION */;
/*!40101 SET NAMES utf8 */;
/*!40014 SET @OLD_UNIQUE_CHECKS=@@UNIQUE_CHECKS, UNIQUE_CHECKS=0 */;
/*!40014 SET @OLD_FOREIGN_KEY_CHECKS=@@FOREIGN_KEY_CHECKS, FOREIGN_KEY_CHECKS=0 */;
/*!40101 SET @OLD_SQL_MODE=@@SQL_MODE, SQL_MODE='NO_AUTO_VALUE_ON_ZERO' */;
/*!40111 SET @OLD_SQL_NOTES=@@SQL_NOTES, SQL_NOTES=0 */;


# Dump of table apollo_RollupServer
# ------------------------------------------------------------

DROP TABLE IF EXISTS `apollo_RollupServer`;

CREATE TABLE `apollo_RollupServer` (
  `server_no` tinyint(2) DEFAULT NULL,
  `page_views` int(11) DEFAULT NULL,
  `rollup_date` date DEFAULT NULL
) ENGINE=MyISAM DEFAULT CHARSET=latin1;



# Dump of table apollo_Sessions
# ------------------------------------------------------------

DROP TABLE IF EXISTS `apollo_Sessions`;

CREATE TABLE `apollo_Sessions` (
  `id` varchar(32) NOT NULL,
  `access` int(10) unsigned DEFAULT NULL,
  `data` text,
  PRIMARY KEY (`id`)
) ENGINE=MyISAM DEFAULT CHARSET=latin1;

LOCK TABLES `apollo_Sessions` WRITE;
/*!40000 ALTER TABLE `apollo_Sessions` DISABLE KEYS */;
INSERT INTO `apollo_Sessions` (`id`,`access`,`data`)
VALUES
	('b4aa8b0f3ae1a76a2aa9c95c1a29eac1',1282357599,''),
	('79430e9964142fbd33a1f9c7fb977949',1282358660,'blog.html|b:1;weddinggallery1.html|b:1;pageview_etime|d:1282358660.0600109100341796875;'),
	('a3fee2a5e319660b1ad5d04219147b1c',1282357667,''),
	('3622e60a218699ee8d9c33a8fcc27cc4',1282358428,''),
	('3239eb90f109bd38aa207bb7223c22ec',1282360822,''),
	('ceffdcf66080b98e3c945fc28ec1aa46',1282370755,'pageview_etime|d:1282370755.476667881011962890625;'),
	('ac2f61af8da296494da2d0bc17a4ea04',1282370793,'pageview_etime|d:1282370793.1665780544281005859375;'),
	('41dffefd9d87f205a0630786a7d2aa76',1282363805,''),
	('35c8a86d6e641d1788eed756c62bc5eb',1282363822,''),
	('2aa53abe60268396cb8ebb91d95dbd0d',1282364422,''),
	('bf6e754f33f9b9182fdbe230139ce1ab',1282365023,''),
	('14dc7fd6b111d7363d4145c2d388698e',1282365623,''),
	('008c4bbd2f45cb952995e93cf6d27313',1282366223,''),
	('e3440dc6dccccbaa4b6c080bd048f065',1282366823,''),
	('77eb00f3c66eea457b5e0b1fe08c3e02',1282367423,''),
	('40f815bb8401d43ae257b35cf305873a',1282368023,''),
	('aaa0a8ea94a7c99e174c8fe227f9dae3',1282368623,''),
	('f382d6ab99ac875405be69682dc6eac0',1282369224,''),
	('8e94b8fdf35708b3bdb8575e4622d50e',1282369824,''),
	('818aa02685a22d1f4611c4ef5b56780f',1282370424,''),
	('bbed37bc572f0f50f3f6baf026b6c481',1282370840,'pageview_etime|d:1282370839.2881839275360107421875;'),
	('124309741d99b0db2059d0f3b197b117',1282371024,''),
	('e4ae84eae466e404307384252d6e0457',1282371624,''),
	('d4c1a060da5671d3def3034600fdac9a',1282372224,''),
	('b1779be7b697192349ab17f31f967ffd',1282372824,''),
	('efb1bb6ace7cbd068065cdc3bee9a083',1282373425,''),
	('08da9616f975d09dddca976e8e9a1a7a',1282374025,''),
	('6325063c2c8d7644629fa7087980f35a',1282374625,''),
	('9fb09c2194f27f2da2dec083e7e11d39',1282375225,''),
	('9285060d26dc38387870cf01ed44d588',1282375825,''),
	('7e54239d9926dbe100cb1193ecfb4222',1282376425,''),
	('e6ecad08c27bc1d06867c67e3048c89e',1282377026,''),
	('764696255578e0101f293ed5991ae9cd',1282377626,''),
	('11d9b4e2e3095afedd273b1acbc6ca27',1282378226,''),
	('7274bba74b9c818df937a6d8cae6cb92',1282378537,''),
	('39c3a515afc10920fc9d799baf901bae',1282378826,''),
	('682474cd6838a96da29ab01a41e2f78e',1282379426,''),
	('4b43224e85f210e21aeeda943dd818bd',1282380026,''),
	('777c37faafc6188900c27aeadf987749',1282380627,''),
	('4038166a6639ad0f76bb9012ba2a4a9f',1282381227,''),
	('47ebacb3e7aec217e45ffb3109484cc8',1282381827,''),
	('b13ec1c3728336951a51b6cd017d4341',1282382427,''),
	('1b8f614960ea3a0f97e5f3ae51d1795a',1282383027,''),
	('2861d9b1e62077fa9c9ea3049238fd9d',1282383627,''),
	('3fd2cd3f5c0cebd9f389078d5d599a19',1282384227,''),
	('f5ab67b3200b81f7b61bba4f1a04bb41',1282384828,''),
	('c491654f20f17d5f444d423df4c3828a',1282385428,''),
	('99b0240a5e24c0c920ab6a64816ee0c5',1282386028,''),
	('3801f8706c8ac39e4e81a0d0b98d5822',1282386628,''),
	('2739ecf1d5a35054927eb667af76d034',1282387228,''),
	('b43f7622141f1afef103a9526184d23d',1282387828,''),
	('c53d39dc210d637716c387e4143ea08f',1282388429,''),
	('ae5c847e35eceaaa553507f337031f64',1282389029,''),
	('4ae5434d7e6629ba0a9d51bc78b03709',1282389515,'pageview_etime|d:1282389515.0256950855255126953125;'),
	('7ec0496614d5e0682743af0f268bd682',1282389629,''),
	('cd829db310ce840f18ca326141fe3080',1282390229,''),
	('483c11e4d83391ca12a54930b7560b00',1282390829,''),
	('a8353141ca79effe6268fdd2d3e517dc',1282391429,''),
	('919c88d7b03d434aaa267bd826685fa5',1282392030,''),
	('c66f0836126c80706789c6ba1c5a349e',1282392630,''),
	('6c6e38b635a988e7ec21f2131dea0d21',1282393230,''),
	('dfb0133011439baa684988e94a4fcb1a',1282393830,''),
	('d32b4e273c4574c6248ab35b19dd5aef',1282394430,''),
	('97d4bddfc982e88c59ebc8cd3aa8473c',1282394928,''),
	('23f4a0fe8018d6361e213d2656a22b07',1282395030,''),
	('cc99d507374b2e2a3f23618766f02748',1282395631,''),
	('9b28ace2426f99c07b7d6d4a4c83d841',1282396231,''),
	('3967a3d5bc935ac24577f23d513a4427',1282396831,''),
	('0f0021b12f1e7980b64e6c648c2b6b0b',1282397431,''),
	('133cec9520080711691b616f9c09de8d',1282398031,''),
	('bb0c98f2981491b3aab0703b7da36cf4',1282398631,''),
	('3c582789562cbc66c12dbeb7968d460d',1282399231,''),
	('8fde7db20f586263a1011da536d1b5e1',1282399832,''),
	('ed6851e5a30bf4aec5619c0b1804abe9',1282400432,''),
	('ed5673ae5085a721c86d54ea42f15380',1282401032,''),
	('fcddb8967512d58aa064f87603cae161',1282401632,''),
	('90f70a05836a1e6c27e561860086d780',1282402232,''),
	('98b537a3b7db37347ba5a34428f06e3f',1282402832,''),
	('b63754992b88f2676e96d07ac9decd7e',1282403433,''),
	('4f4d9fc247ef32e4f2dc88a818cbf455',1282404033,''),
	('f3970fbe0e678764cf91f97c31b174eb',1282404633,''),
	('9959f339a6571c2d58e9a7190ddf1fbb',1282405233,''),
	('bd740c0a5222859052eecf4f5d06c2f9',1282405833,''),
	('0cec01d48a31b34c6faefd8c9b1eec96',1282406433,''),
	('e4968385fb8a1029c91973e101886f6c',1282407033,''),
	('601336aeeefde3fe5c7f4e6086a39eee',1282407634,''),
	('ca4a77548fab6637ec0ef33c8806e57a',1282408234,''),
	('8a565b29e06b5c7729be12d43251093b',1282408834,''),
	('3757c06a72fcfc02873ee842b525dc7a',1282409434,''),
	('1c8e219951ad5431694aa1e04ebe1c34',1282409440,''),
	('e0978310199da23fd76f7b459d508d9b',1282410034,''),
	('5eca55d476e5f3df044a42ef9712ead1',1282410635,''),
	('ec50acccf3a80438078d858f31d0c616',1282411235,''),
	('4900cc06c184c30c1376f09a937c3cdf',1282411683,'pageview_etime|d:1282411683.2196829319000244140625;'),
	('dce87642eb2d5580f6aff96836fbd47f',1282411813,'user_valid|b:1;user_id|s:1:\"1\";user_name|s:14:\"Mike Pritchard\";user_email|s:20:\"mike@apollosites.com\";user_level|s:1:\"2\";pageview_etime|d:1282411813.72430706024169921875;'),
	('5fe49026a43848eab1f41ad92b529fa6',1282411835,''),
	('871cb81fbb1abb653c34892af410e086',1282412118,'pageview_etime|d:1282412118.578012943267822265625;'),
	('50f5e07e3077ab48e90ff60218558f32',1282412435,''),
	('c09b9e71828e8358d67712831cff86d4',1282413035,''),
	('b53f39dad1af97a50d0f093535c9c475',1282413635,''),
	('5173961b6e7af9bb51fa7249d9610338',1282414235,''),
	('88a33956572ac834a1dd89fb949c56a0',1282414836,''),
	('3d37a36b0590f095be2c10c59b341d3e',1282415436,''),
	('469db0b9fe801ad3f1b25babac0c578b',1282416036,''),
	('2275e89a06a039dbf8bbde5051b47332',1282416636,''),
	('ee2832b0396b6783f1ed49986fd74826',1282417237,''),
	('8257c3bdb09c6b38f5ba366ad6854492',1282417837,''),
	('5aa2048c1b2adaa2734b8005eca39456',1282418437,''),
	('f152c2ff99aa74230547b365a6c58979',1282419037,''),
	('11f1270658c5c20d3bf33808a8d413b5',1282419637,''),
	('4994f3c07f513fb196b32162cdd1e4af',1282420237,''),
	('8f8a2f913ee82352473d597e39fe5ee1',1282420837,''),
	('431b105eba275c615f67825efa286c5e',1282421438,''),
	('e1c8cba91fbc83588b9229034e19794e',1282422038,''),
	('a9d4632fd4cf2ad938209497e4df1591',1282422638,''),
	('0f698588dac99e55b5bd7146191c3862',1282423238,''),
	('60cb9eef8d810353471a39a10e9d7360',1282423838,''),
	('4436661d9f316771630afb6cf30b638e',1282424438,''),
	('fc033e16737876500d46735359391872',1282425038,''),
	('20347a84e32394b9fbc03fed80bfa48a',1282425639,''),
	('27aec5bc7501e2e2ab4646d5e0632fba',1282426239,''),
	('fc38979a6e09956d6a8daa26a3a99af0',1282426839,''),
	('dca4745bab7edd5f3e1d254b9c3152b4',1282427439,''),
	('74eab526092f9bfe8d00ebb052fd8957',1282428039,''),
	('71d93efea23f52d76e5fbf983ede06fc',1282428639,''),
	('ca965d79fe95c9f3eb1df231a3dc3a14',1282429240,''),
	('a3339d653cd08ff8abc932a594e37eb0',1282429444,''),
	('7375658483fd05726b925e09ad0327c3',1282429444,'pageview_etime|d:1282429444.1290130615234375;'),
	('c942638f53f997b894bb4321128b13d4',1282429840,''),
	('b8ad5b95467df80f93b438c137cbfbeb',1282430440,''),
	('67a89fe0ccb8554aeb7a7bcffde99fa5',1282431040,''),
	('4e99af6a14823863d8e4c756a57754ee',1282431640,''),
	('b51559e271b1edc4214e4abb8d375104',1282432240,''),
	('eaa6ffa29a74bb30c51bf0018c77f763',1282432840,''),
	('e61a4ae684239f506ca8e96d2016b8ef',1282433441,''),
	('27ad18d71d02c46e90abd5da6d7dbff3',1282434041,''),
	('86a4131341b9b7cc90c5c9f82a4fb438',1282434489,''),
	('167ad659a4036cc148940f2c9dc91738',1282434489,''),
	('cde2f944a65620d8c170b5f17dc14f54',1282434641,''),
	('31d32627fab1d3827c063131df10fc7e',1282435241,''),
	('13ad96a3b6b34cac6898a348e66c2a31',1282435841,''),
	('bd659af8da21bf2f65cc8c3cff375d15',1282436441,''),
	('75abf81cc240b69c20d4732d0ea05308',1282437042,''),
	('20ba713697dfd3a09fe47ec505a7e024',1282437642,''),
	('a72d8e394947cd586957c10f086a670a',1282438242,''),
	('46d0a276c2b2d451f7a89a5b1f3d9d9d',1282438843,''),
	('f6b53e07aa3ca885fe6f0994b491c53b',1282439444,''),
	('da18d08aa0bd2b05da9a5cc7b662282e',1282440044,''),
	('0a2f3deb13c0df367123a45d79554432',1282440644,''),
	('cdc2487c7c5f861bfcf90318c0730a71',1282441245,''),
	('880572f66fbd7c4dc384037d2c9dc13a',1282441845,''),
	('b3d737608b0a14982007bdd37e3ffe19',1282442447,''),
	('f569bce9f112e86cde2fafc593742cf8',1282443047,''),
	('d44eb72cf904517bd7b4dda0bc83b18e',1282443647,''),
	('03fd509ed1decac1a97f3128ca8691af',1282444247,''),
	('03bc649ba434188f3ea8362646166b60',1282444848,''),
	('054170acde986511cb7b6b5449448e78',1282445448,''),
	('993242786c1dbf7ae1b1824a88c9bbe0',1282446048,''),
	('12468bcab6620d7cda8684103be825c4',1282446648,''),
	('a54ccd6ce613a845d9cbcb50f69f5e42',1282447248,''),
	('87ac3b21f4abcf2b7c4585dd726babcf',1282447848,''),
	('b6885d6aed6d7c524532b218e4267208',1282448448,''),
	('45cc6a236c7b5a32f7cbb9c049d60b09',1282449049,''),
	('ed23b435db944e06e6b6eaae685ed943',1282449475,''),
	('3b3bd331db8bd635a519eec2e6bf103f',1282449475,'pageview_etime|d:1282449475.767158031463623046875;'),
	('5e2ef501b58afe017368a770da60a576',1282449649,''),
	('59439b48fdf79c6050628bd30cd67b65',1282450249,''),
	('733af30a78ae72119ae07b831e55e171',1282450849,''),
	('378faf89d320a6c2e8e1e5f670b6ae85',1282451449,''),
	('0d99df612c474fd865a05c90330c509e',1282452049,''),
	('8a9560381bc51dae3fd5a9326a56327f',1282452650,''),
	('c195565a949ddf4263090e22b008b4b5',1282453250,''),
	('cb2f163643c1f2f6e95277c52d3209f4',1282453850,''),
	('d7856c0e48b19877a8345639408caa69',1282454450,''),
	('5229b46c62f5ed696291156c6ecb2272',1282455050,''),
	('b4f390cdd6730b127c7ca822fa6e2330',1282455650,''),
	('0968a519fbcf41dafdfedeace4ea03ba',1282456250,''),
	('2ac9ef4dc2ac69888c8d6a34c85a8413',1282456851,''),
	('c1580d5838ca57038d1495b4d1763f17',1282457451,''),
	('981292426f718b376dfe181170d8159e',1282458051,''),
	('3db3f2a62afe7812eae1af761e11dc50',1282458651,''),
	('8150ba3202cf65348a0a611da2b4d60f',1282459251,''),
	('6d67e911aa1062f22d4db30ceb2ba038',1282459852,''),
	('e451b6c06c3194f04649d7e9d38c8fbf',1282460452,''),
	('efeec40cf261ede42cca21669e1ad13e',1282461052,''),
	('1f16deb3798b8d29e21b2be8dcaf4623',1282461652,''),
	('07b5e74200c0a007423690c6d5f54f34',1282462252,''),
	('762253c8cb9daa050f086c92a4c2aadb',1282462852,''),
	('8b17a9f0c5ccfdca1ae3de14b395d61b',1282463344,''),
	('50b441e05927994a6bea55e97204b741',1282463344,''),
	('0c722aae4e50f3c4984bab8ca5ebd600',1282463452,''),
	('5635a2ad9cc1fdd9442728565faf564c',1282464053,''),
	('740375a977af81e3b70391f4fea7c9b2',1282464653,''),
	('6a5c6a3be343f6d3b2e6a3fbdd66f8f6',1282465253,''),
	('019e34343dc01e25b87d6faa8038c4ad',1282465853,''),
	('4746f171c6c2bbb76efeb1cae2f7681e',1282466453,''),
	('838c018cbfc10fbf6540177225ac1be3',1282467131,''),
	('411092f1a64f60b69b1dc4df4633f1c6',1282467732,''),
	('325fd2d05140b7b9ac815973f48b00cb',1282468332,''),
	('ccd6a368ff44795b3a96679ff4d46f76',1282468932,''),
	('699d475cbb07b757d28ffe14a3a20910',1282469532,''),
	('a1c7f9a4c59e7243ce6599d791eddb63',1282470132,''),
	('b22fe66460dc0ec2458e66efec43558f',1282470732,''),
	('2c161dc4d13ca32e16180b06ffcac661',1282471332,''),
	('3f596f77773028f8fe529e045eb0e672',1282471933,''),
	('583c880a1be8d6187d1f9b2d5791ad80',1282472533,''),
	('51a021a213617d18de42605c2e0a71c0',1282473133,''),
	('fb3143397ec3464c98d619f153148c3c',1282473733,''),
	('503c1f45a1cbecb279848ba70715fb06',1282474124,''),
	('40c0b9fd4f26ee2033df5554fd6353a9',1282474124,'pageview_etime|d:1282474124.156444072723388671875;'),
	('7ada8452c0ab099c138f489e19b50b49',1282474333,''),
	('1f47596fee7b76f25aaf9bc8378c55f5',1282474933,''),
	('6583e7a8475747f0c157127e91321b12',1282475547,''),
	('b8727287e7521844a43f026cbe9d15ce',1282476147,''),
	('da4b376a1e3cdfc1cedaf14b06220a32',1282476747,''),
	('111580ad043002b2a3fc5721195a29fc',1282477348,''),
	('a4c56fe9120a6553ce9b735cac4ee8ba',1282477948,''),
	('c84f16b91b9c7121e14c9aeb343e5af4',1282478548,''),
	('44b91a13202d0700aa83159e45bcdcf4',1282479148,''),
	('70a6611d2f862b03f0264a3bd94e37fe',1282479748,''),
	('da757812175b658a595544530eeb6a39',1282480348,''),
	('f01ca39f66eb1e49c4df0f69976af8fa',1282480948,''),
	('de7f83968d96e35de5e62f527086c38b',1282481549,''),
	('d8fdd04849fdf3a149ea31bb1aa55aa3',1282482149,''),
	('b57a5e8fee9d6850f14333d6ba69bb78',1282482749,''),
	('8b1fb43ca7e657cd27b1d004d58ce90b',1282483349,''),
	('abf59ffd78cedb77d9ca192650ac488c',1282483949,''),
	('4e0b46a14e318c6f856fdfdadd77a1f8',1282484549,''),
	('32b082b803a821b2352ad9220dbca53e',1282485150,''),
	('63839e35ae381b33aca8e6a77374bf63',1282485750,''),
	('6cf40c64d3f7186ecae6a55a114539b0',1282486350,''),
	('4074529572d1dca55f7396a7a562b3ad',1282486950,''),
	('971bf4f2399c427e2aa70e244998aa22',1282487550,''),
	('67c00e0b5298546a2747f6550beddcef',1282488150,''),
	('ee0ef81329452d17b456b7434585f82c',1282488750,''),
	('a0437f584f4001164909119d2cd099f8',1282489351,''),
	('0c878b6d39cb4bce71874b43cf0ab524',1282489951,''),
	('1ad6eb7c3f4df612d18249abc415f486',1282490551,''),
	('9443dc4730bc8ffb7b8db3c002ae61dc',1282491151,''),
	('155fc6dcc49685370f2d441acb5fbef3',1282491751,''),
	('d41958034adfd6bd75d986cdfeadb51c',1282492351,''),
	('49a591d52ec57c0200247377d5ef4a46',1282492951,''),
	('db7cff48f7e56879e57632cbed2bf951',1282493552,''),
	('7f25039c7dfdf3e0ced4265d04412123',1282494152,''),
	('bb40d4bb9ab1d46ddd17080678693152',1282494752,''),
	('64939935e2052291cd79fb9c1bdc13e7',1282495352,''),
	('72a586aadd8791d828e53a1cc5cacf67',1282495952,''),
	('bdd39f2a764734522dbea7b4143b9b8b',1282496552,''),
	('82f998a3d08ea007d7b180648edb870b',1282497152,''),
	('3cd739b3f927eb41a21953b93350aff2',1282497753,''),
	('fa4bdc44295acc7f9d2408fe5fbb23dc',1282498353,''),
	('29cf3ec810e5d154d6aa83f097e0a2df',1282498953,''),
	('369188711154d73df1eadd19af6b7f17',1282499553,''),
	('375983abc4c09df326e3d9641d791b91',1282500153,''),
	('dab591731f0707712ce8c1c27f2feaec',1282500753,''),
	('f539ad5f355c8fe2816f0127c7becec1',1282501354,''),
	('cffe1fa49f025d0481172bfa904bdcf2',1282501954,''),
	('acce8ccd041524675e9048c1df773af8',1282502307,''),
	('4c9e1a599765d9a06085c38d06856145',1282502308,'pageview_etime|d:1282502308.111321926116943359375;'),
	('c031ee27ee87effe284c446b7e8e3cf7',1282502309,'pageview_etime|d:1282502309.1107490062713623046875;'),
	('4aee73ebff436b603d5ebfc1bb209011',1282502554,''),
	('ae5b9dc81e9f42d0a0704afc8399f1bd',1282503154,''),
	('5023de80c6355cb242c4124647f6cf24',1282503754,''),
	('5372e63a9b5a0e277d8e1542c4e2e27e',1282504354,''),
	('fb9fba03137ccd922b38964ea5d4bab2',1282504954,''),
	('557b604deb91f6291d15df41a4bf0ab1',1282505555,''),
	('faffb4994c057e34ed22e7d7a47a517b',1282506205,''),
	('2929313687480af3250eda5fbef682e2',1282506805,''),
	('6860f24201334be6dad4326619528987',1282507405,''),
	('6b6d23974f00eaf006ee764ed86fd60c',1282508005,''),
	('73f2b7a5b560113659696e60dcced51d',1282508606,''),
	('433dcab20f8e588812df3a000480b049',1282509206,''),
	('4ba1bd66237bb8b7d5c265ad7c2fc539',1282509806,''),
	('e16ba09092c03815087f38819e4df133',1282510406,''),
	('65bce0aeacf31f8be378044f35063238',1282511007,''),
	('64598b6834e75c0475b51a7586c3f85b',1282511607,''),
	('676ccb5ae6b14c390cd45fecd8c21a5e',1282512207,''),
	('430c0d00621f24e79dd735194147ef1d',1282512807,''),
	('380f38d25d212ec8dfdd171dbaa6a183',1282513407,''),
	('5362eb92693b88380568e4886b4cc787',1282514007,''),
	('522eae69b4fec726102f8fc9a40b3c54',1282514178,''),
	('9d00b2d9b3390fe38d702779d2ba5186',1282514778,''),
	('1ccb27c009f93dc86ef69ddfc70e4afc',1282515378,''),
	('f51602af920fa50552dbb1c381c741ce',1282515978,''),
	('346c8f09c75afcb6a39c0d1a24f68c84',1282516578,''),
	('a9b442fce2223f0bba3ab2a7ed79437d',1282517179,''),
	('8154f7cd65624fc8b5542519fae78245',1282517779,''),
	('ada91275dd2a5b538d5363ffc6b1e2a8',1282518379,''),
	('521b913b1afb8fcc52826532d0f0aa85',1282518979,''),
	('624907bc6f025ad1b58c9a7950fcd937',1282519579,''),
	('c08dd7772742d39c1317fb72443c20a8',1282520179,''),
	('edcbf2407f90800bbbb0c3fd67176fee',1282520780,''),
	('a45d46cb4577ddc64043371559fb93b8',1282521380,''),
	('b46e2e40b7eaaa4cecc356a3daba41c6',1282521980,''),
	('50ccd7b1f04bcd3ebe4ab3a6ef871ef4',1282522580,''),
	('fcc5bf60fe5241fcc3beab8a2e7a30c3',1282523180,''),
	('2fe7fc64ccf03c5ecf66c15c60f4ce80',1282523780,''),
	('6fe71450cfff13119d5e8722cb52010c',1282524381,''),
	('c1323070b534d9af4b0add345e99065e',1282524981,''),
	('31a6e70efb4016fba518e5ee7aff2397',1282525785,''),
	('9f7fef9a58c3a143e3ad8ca00a59edb1',1282526385,''),
	('635b69360a582c976e86d4e94d79d89c',1282526985,''),
	('09666318e0a8b0cb732b592478c6dace',1282527585,''),
	('a51bda07128c5900c2280967d08952bd',1282528186,''),
	('d14cd78adf72913eccd8fbe3a7dd7f8d',1282528786,''),
	('cd9186e3e01e35e109cd57d1021df6f1',1282529386,''),
	('92bfc36db8e844b7a17ef97bbee5f604',1282529986,''),
	('325aa9804e53a86bbbfc564ef0ed225b',1282530586,''),
	('1063166ffba9c1d5dcc8cb5f25499b18',1282531186,''),
	('2559cb9e28d35da9ca1112c0c27ae836',1282531787,''),
	('b0f933348bea265a7282d4deb3282b03',1282532387,''),
	('696cd8ba4cdc461e7e3ee8b3ebb8e4d7',1282532987,''),
	('c36ec6952c02d568d660f9611ac1ad02',1282533587,''),
	('82f179c8ae83542da3a1c238f67e6f42',1282534187,''),
	('446ba5b7936e6233be249a87d3ffb72b',1282534787,''),
	('4e7be93d990b15db4b5270e2942304f6',1282535388,''),
	('1917ec94bed1cac6a88bdcbb95da3734',1282535988,''),
	('4f59b82f2c3e3f0d95e43eadc6fa20ad',1282536588,''),
	('00b510272f8b592efb5378daa950be97',1282537188,''),
	('721245d5ef04c7f2bbf503934c57dd17',1282537788,''),
	('548049e1a590cf355e93cde9d46c069e',1282538388,''),
	('60e682c418b85851e41d68927503588a',1282538989,''),
	('6cf2d72ce1ebeb670287d1a12cb4d499',1282539589,''),
	('a41cb373b4018e3c4b6982e1f4680326',1282540189,''),
	('6a730e0cf6af9e2c26a830599f670d02',1282540789,''),
	('b6d963f451c3137c621d7430422a52ba',1282541389,''),
	('2ac551997ee73813d249f29130f450a7',1282541989,''),
	('f685e9b159658d7887fb1509cce313d4',1282542589,''),
	('01c35dde202c54cae53a84cea1d7f679',1282543190,''),
	('c96bfcc2e0cd73fcf3eef58a59fd37a1',1282543790,''),
	('a39879a45af80d370fc18aafc57607f0',1282544390,''),
	('4770aca88b5624c7f1c99cab993f619e',1282544990,''),
	('1ef708b61c967dc8e0eded3d52f14869',1282545590,''),
	('499b4c73d7c250c3fa9aa8064a73677b',1282546190,''),
	('efbdcbfbfd9dfebae4349ddca486caa6',1282546791,''),
	('b1c4c2253d4f5de683f0e8788b30350f',1282547391,''),
	('fba46390c555b74dd507d199855c7925',1282547991,''),
	('23f9d60dfb2a2c6fb0a1b0de11a08490',1282548591,''),
	('9e9b1037dc8ed6af5df60a0f8b9901e5',1282549191,''),
	('db4464e54ec4d6d1354a8bb8ecefbc37',1282549791,''),
	('80d716f7fac3a861419c9fd3ceb9f6f9',1282550391,''),
	('995cc06e06bc0cb2c4ace9086029da10',1282550992,''),
	('a118d8d0a568236e3d06b59127b96fbf',1282551592,''),
	('11665f10cfd96f2845cdef113bd36c2a',1282552192,''),
	('fd1482b9bb4bb43682e82593072de366',1282552792,''),
	('4c6dbc9e37eee26a1375c369fde82051',1282553392,''),
	('4c2cafd1e8a32982dd0db5ac22d21591',1282553993,''),
	('94e6c162430a8367ee09f129233ef7de',1282554593,''),
	('e94eaf5f87a35a23b233a3ef46cd615f',1282555193,''),
	('aa10846273123090dc2e31081635a1e2',1282555793,''),
	('adbc4a2b96e96ef121bbcda2dc9d6500',1282556393,''),
	('2f4e7108a1c1998473023237086f9ef4',1282556993,''),
	('ca59f18c4db8d6d1fc51e33834ad7df3',1282557594,''),
	('2b707621480f097d1e95b47155de400b',1282558194,''),
	('f352e4e981f492e5a564e61e9f6ebb8b',1282558794,''),
	('481225969e3c1be8871e67ff951e8686',1282559394,''),
	('39c30e52123e1066e213bc6651d9468b',1282559994,''),
	('78d21de545edc4cca9838d5ced87d553',1282560446,''),
	('d24007d8cfd1107ec51b9a6ab594bf87',1282560446,'pageview_etime|d:1282560446.756103038787841796875;'),
	('7930abfc5c13b0e2632f6fce98e3c7d8',1282560594,''),
	('60c6090ff73b8ca792ad6f6de418d61a',1282561194,''),
	('5620f0bec676cc0fabb7ae4ae573d832',1282561794,''),
	('e3690da047aa42343d627bd46881789c',1282562395,''),
	('163a745c9ca2d26c0b26c00422544da6',1282562995,''),
	('a4f5684baf25adaffb1c2444f5c88a2b',1282563595,''),
	('705aacbd37087c9d919b7b1176220572',1282564195,''),
	('4f899b6d0b6bba70ea935db85316b625',1282564795,''),
	('47d17db4ce46375eac0641dc994187f5',1282565395,''),
	('4ef9b46d7ceff010be628ecf46eddcd8',1282565996,''),
	('e7cf5f2db010d89109d105326aa8c1c5',1282566596,''),
	('d9ba4de632134d15d3efe60e17cb9b33',1282567196,''),
	('2685d15afc7d595f3f57053be66e8777',1282567796,''),
	('92793b618748a6a9324525657595a76a',1282568396,''),
	('97e2c5155424611576c71dd11108561d',1282568996,''),
	('128920bc3fcbd09924a8106c1101e80e',1282569596,''),
	('a23214941dac6c5279d95fadcfb1ea0c',1282570197,''),
	('7697f6d2dbe9c8e56809713677ed954d',1282570797,''),
	('2e7e87418d3bd839c204231b3ece344f',1282571397,''),
	('634270c571b5070042cce38f77c19105',1282571997,''),
	('83fe27dfa88399df761ead4f7dfb8e8c',1282572597,''),
	('6f7663ae7014d95665f76b17f590ccc1',1282573197,''),
	('2783a9d00939480a8696a8d8e54aa118',1282573798,''),
	('71d2458496f2f4cb0ceff3067c8c3547',1282574398,''),
	('90a91768bd0278610431b03131a4fa43',1282574998,''),
	('36032d6ee11b437f918f93e0f313305d',1282575598,''),
	('c7949b6f4695a9ef6dd53f3b39a296ff',1282576198,''),
	('80621246348fe12d0c0fb7ddebfefd62',1282576798,''),
	('c89f0d862c1f30ef09582b4d84b47ee6',1282577398,''),
	('a9838b4f95a4e618a030ab445696afa9',1282577999,''),
	('4ce398a90c7a590524edebc9a33ad0de',1282578599,''),
	('b822f06a7a265cefc2ff06b9033cff14',1282579199,''),
	('248daca21dedca743c270452f715a22b',1282579799,''),
	('1eabc091284f23fd994d9f8cfcbdef84',1282580399,''),
	('f7c32e982f0bb7c512cc0ed8fa926d89',1282580999,''),
	('82fde2ab5779d8bb89b7902073af6185',1282581600,''),
	('8a6cd881097903ce75a2eccaf3da9d64',1282582200,''),
	('b12d173fcb75077d5650122f3a02cbcd',1282582813,''),
	('3e3aa49a8ae4cff5d585f36a5ac45426',1282583414,''),
	('1f89aae20ddf40625fd26887298aa17a',1282584014,''),
	('b154f366f380b80e5d926e5563d89e39',1282584614,''),
	('fe81dfdcff50dd8479164529476f39e8',1282585214,''),
	('a46684784718afb297f4d4d00ed66f4b',1282585814,''),
	('e84027495bc48c6ff12e5fb6ff1ce377',1282586415,''),
	('32e80969665774a78c080b6f158c6848',1282587015,''),
	('165b750f93a11fe71426a649415c0b33',1282587615,''),
	('6682a07856a7761757b6178305a2e3b1',1282588215,''),
	('9fde74eadde888c3d58e607f6a0e473a',1282588815,''),
	('9e51e6ff0ce951dcaa53086f2139913b',1282589415,''),
	('feced7f773ea7bb2a16609bb2e7f4ebf',1282590015,''),
	('00d424cc8d682de7763de261030b5f3d',1282590616,''),
	('56288a5be9da11fa5e5f066cf19d0532',1282591216,''),
	('986cecef03d99e234ef10c6a70857a90',1282591816,''),
	('a14ed5fa86740eb701ff970daf96b806',1282592416,''),
	('5d7edbee60a40aa811e595c14ee2107f',1282593016,''),
	('1b650973c87e9e544ae3f7ce5e0fda1d',1282593616,''),
	('bb372403fa12a3d290eb80f32601032c',1282594217,''),
	('a8226c50171c36c82198429adc6641b1',1282594817,''),
	('687cc1435058c8400a0cdba5f48d619d',1282595417,''),
	('f4d30baa8a8d90d4bc8c6e0159f58bc3',1282596017,''),
	('74915727bf099c0b533fb5f0cdb6ed22',1282596617,''),
	('c4f0f4df77f0ceea4262e99806a18324',1282597217,''),
	('524fabc9325b3ce1c349a1c43a1d2d4b',1282597817,''),
	('f6d6e4c0aa30aacb64b3cba912b5a1be',1282598418,''),
	('fe236933535f7bc0c5977979c95fe5d4',1282599018,''),
	('d840be86d274e400408eb1afc0a8f815',1282599618,''),
	('0080675f85cf10f82b09282148179451',1282599968,''),
	('ead250029ff717a09bb080cfc9371883',1282599968,''),
	('67966d55f728a3f403421f989b1aa356',1282600218,''),
	('8fc2314c2d8503b1cacd33a06ff23f93',1282600818,''),
	('e93eb3068ca5bfeb29e7ef17eb777837',1282601418,''),
	('ac18ecf3e1711b4417273881534124e1',1282602019,''),
	('9c398acd64119d79b6c7ce01a487f7f7',1282602619,''),
	('5f0aaccd2b31f511514b68e96d466ada',1282603219,''),
	('e1b5f8369f96a51d53b0752da6a925d0',1282603819,''),
	('88cce6581f68dfed0c398639bb0a0c0b',1282604419,''),
	('4a0213561150b36a10727069d152e967',1282605019,''),
	('bde4b326844c71564ac504780bf23c5f',1282605619,''),
	('7b6d6f7ec6b18aad2366f09186b112c4',1282606220,''),
	('cc03829ec81979ec2ad49b633c559bf6',1282606686,''),
	('d1846fedc9fbbf89f481264072da6797',1282606686,''),
	('883a5f70bc36ffd062d7c1fb557ff3ae',1282606686,''),
	('144a2975b8956e32d09e0738a4c00c13',1282606686,''),
	('85a8b6d12fdf5f22266875df267f5429',1282606686,''),
	('1d6b3b95d37f75ff2dbb80c786bfb7f5',1282606687,''),
	('7b4013d4522430fb51db5cd0b922bd0d',1282606687,''),
	('0c875c86885db712365afbd0631b608a',1282606688,''),
	('e05db0ae7396392ce3d9a88fc014aac9',1282606688,''),
	('4a247ae874c83fa22ad3eab042f55ccf',1282606688,''),
	('12f0de213d280b5a2f3b671cf6e2090a',1282606688,''),
	('94b7f259388d5d86ab46f38309c18b77',1282606688,''),
	('61c171d54428edbe728299d628e0f209',1282606689,''),
	('7d41a7414542a24ef8c1c2701a4829da',1282606689,''),
	('954ca5705cd8f2519eb91bb76e367a90',1282606689,''),
	('24bf59fe4f5e0ec39b5e53888cc8c16e',1282606689,''),
	('9e9b92753c91aa040b0a69c0effb751f',1282606690,''),
	('62846ae019643f067a80eda6b9b912d8',1282606690,''),
	('9027626c6f73297db9ff2e54a636849f',1282606690,''),
	('8308c11acef71493bb580bd4f3555276',1282606690,''),
	('8a016ff342e6a98f914880eaed4d0b4e',1282606690,''),
	('ce243b7df8558d9ed2b6b7e1a6344ee8',1282606690,''),
	('184f958dc0975227c18b71c6f1cdfae6',1282606691,''),
	('11310a27e4cab86098cd6bd5dc407ada',1282606691,''),
	('9f8872fe9c85deb0cdf43f427bbbcfeb',1282606691,''),
	('c47179a3d791ca1c851cf51f11983d22',1282606691,''),
	('770e4ffae3587efd9cf812a6a22d6512',1282606691,''),
	('2ba5ed76f1970157da9674ed282a7c7c',1282606692,''),
	('03483fb124e1cc67367b867f5b39d67e',1282606692,''),
	('34d99a9f5fa71b0583ac843fb6e61317',1282606692,''),
	('c486dec01d63caae09b225e8971b074b',1282606692,''),
	('44e7ca9fc36cd910aaf8ebc19a755bac',1282606692,''),
	('fa30425676c7153b9c3e2f877483cde5',1282606692,''),
	('3c6e0be4cedd61e98754a744f0c7144c',1282606692,''),
	('db5082b0407366d687e1ecee73af3227',1282606693,''),
	('2a9f048a9b419fb08ac9e4e1081de20f',1282606693,''),
	('251159bb1043842241741596c039a6d5',1282606693,''),
	('a0de717840b3a2d39a677fe1f954c063',1282606693,''),
	('acee54b3d2fa3b03d073b543c51f49e0',1282606693,''),
	('823cf4353570d0e2efa94e0a4984a647',1282606693,''),
	('93d60ae5fa70da9da68eb13aea87a9ac',1282606694,''),
	('b5ca0cb94ce39b5028c5c39c58429f8d',1282606694,''),
	('ccf68b935bfe5f98bcab7ce550bb7ce7',1282606694,''),
	('1d71223000d633336b01c8972faaaf97',1282606694,''),
	('3a03997a103dfef1cb8dd8a86fc165ff',1282606694,''),
	('c1c95cfe80db4defae30fa2d187beae9',1282606694,''),
	('af82188a60e69d35d4e6a58b6365808c',1282606694,''),
	('e99b36c2692f7da38dcfa82b97682120',1282606694,''),
	('355964a576873f5b99a12c981e847acc',1282606695,''),
	('81942b5c18371b85912da04e66cf4ba6',1282606695,''),
	('f842c2750fc2ac7a01f5f8611bf3fbc1',1282606695,''),
	('147c7fd2fc92217b561bd302b5004ed7',1282606695,''),
	('c8ddd72b1c82dd609a06d59e2c9d374d',1282606695,''),
	('c0305baaca538ff7888e4ac3b8471edc',1282606695,''),
	('820219193e796c740feab667b81569c6',1282606695,''),
	('709d32b9f3412c68fa6d3e0a2dd1dec9',1282606696,''),
	('55499145ba749ae39c441816b72a6946',1282606696,''),
	('17b48c93fdfb8e9724ebd76e6e08adc6',1282606696,''),
	('a7908db32d2a1469703a6aa126c88f75',1282606696,''),
	('b2e402d6e21af66a8ae4e15bcc56a286',1282606696,''),
	('cc200cbeb6d2013b875aa8761aea2582',1282606696,''),
	('8c42de6cce3e31fecea9617c3ac626ec',1282606696,''),
	('7e1b9b5145adb72588b2f543b9f7662c',1282606697,''),
	('8c2a5f627a863f197d46d73d4368c81c',1282606697,''),
	('27888b1c3b877655d19e527af0d4e715',1282606697,''),
	('7cdd30270d12da0f0bf843b15929d91b',1282606697,''),
	('f786534bebce8348016acf06d809152f',1282606697,''),
	('48fc5169a73a857a0a2ec1a546af7549',1282606697,''),
	('35f79c4e15bbd2a2d26bd748d1fa9ea0',1282606697,''),
	('046cea4835be43448fafaa9a7fdfadef',1282606697,''),
	('d0b15016d76520338f41d19569d3d07f',1282606697,''),
	('b67403fdf07a430afa1998ce98b55f77',1282606697,''),
	('9259c360e08e735a37ba4ca5980895f4',1282606697,''),
	('92c24f9a19ab86a20e9c2586bd5c4a12',1282606698,''),
	('ec12a06b93ef1b1900db2b8de4adeb9a',1282606698,''),
	('4002aa9e211f72165a51c19e2b382fa2',1282606698,''),
	('3b50df366ef8eaadcda1d21a84ccc331',1282606698,''),
	('6946505e887d1b52ed9657a954b6f13f',1282606698,''),
	('708a9bd602bba7e3fbee8b17d047040e',1282606698,''),
	('62031c5bef326bab4401fdaa9a124fac',1282606698,''),
	('9fc5a49f3025eeab3218c20aae784e6f',1282606699,''),
	('71b628ffbbe06cd749d09273e1e73897',1282606699,''),
	('3de301c6ce9793189dcadf5749c66e70',1282606699,''),
	('84115eede8a75a629d7edda685160c91',1282606699,''),
	('ecf0de2091430332171dd6f7211e43dc',1282606699,''),
	('318e0b5fa07fa20269ebf39a93de310a',1282606699,''),
	('28d64a1af44772d672484cfbd73a7410',1282606699,''),
	('83de515096b382451d6b9e6fbc7b0beb',1282606699,''),
	('7125925b22e9a24696044adb7f59af94',1282606699,''),
	('c33148226c477368b3032b8b8cc97ed9',1282606699,''),
	('ce3a3316e95bb5409fc5c11bb6c03f5a',1282606699,''),
	('fbf85fd906e9e89b21dd2a470cf9a72b',1282606699,''),
	('613b2db99d2ea11b4dbe3a7be4fd1493',1282606700,''),
	('1262bb17cb86020a19812b129c8bd0e3',1282606700,''),
	('ebb455103678b34c5f8cfe23aa3b6b3f',1282606700,''),
	('5bf644bb38dad9e3f428c9b1ec77695c',1282606700,''),
	('26f1cc856548141e076bd0b15c74c395',1282606700,''),
	('a26ed4febfa6a5e4398e9deefcda9be1',1282606700,''),
	('2a4288758aa38026f532d6d782331c6d',1282606700,''),
	('e475627c92215dc9536a6c826c883b24',1282606700,''),
	('8329adcf0a6456f0b64e8fe013e8cc2b',1282606700,''),
	('92c49528178b587b12e8d954ab496003',1282606820,''),
	('a2d69c432c77bd3cb9fe42613c782e17',1282607420,''),
	('0d89c8ae2ca2b031a648733de97fd1ee',1282608020,''),
	('7f9b6c283d3b61a8fc088d02ccaebf8a',1282608620,''),
	('dcb4afcff92c627d09a3cf2eaf753fdd',1282609220,''),
	('268ada0177ceedaaa180471612023ed1',1282609821,''),
	('4956e71d77832ebcdee4c584080ab27d',1282610421,''),
	('4f14cb0d8b818de10177968d6a8ce3af',1282611021,''),
	('031ecda8528fbd9566c7789638c4d8bb',1282611621,''),
	('3c10d603d4365f00a17ced67825f51d7',1282612233,''),
	('941177003904abd27481fc64382b8e65',1282612833,''),
	('874a2dbef75331c1b8106b1029ab4f06',1282613433,''),
	('aa7b0929016cd58b9baf130e689426ef',1282614033,''),
	('d018fdf818cc16aec007ad763217233e',1282614633,''),
	('fa0dac8867786374c8440862019b6123',1282615233,''),
	('2b877249cbe556c95c8e08ef176f0ddd',1282615834,''),
	('7aac7b8482e984d3a88fd00123e59a39',1282616434,''),
	('eea870ef82bbaf5bf0d1c148cb444e89',1282617034,''),
	('0d1e241410f307643cceae8e93353c56',1282617634,''),
	('888b4b65931f1857821b5c952f384db5',1282618234,''),
	('72442ead105c17d77205fae7b44b8b86',1282618834,''),
	('a91c0e5f5c0091ba5d4b756903333f39',1282619435,''),
	('b532c512df0d8c3ac3d4a553be5a488b',1282620035,''),
	('38ff665478b472c874595cbc0f1f7be3',1282620635,''),
	('cee868d32574065fd09d48e143e671c6',1282621235,''),
	('de648d98ee8fc6da82c8fa15db98b3ea',1282621835,''),
	('a31d3eb7eb88fbed4c834bb649c6a7a0',1282622435,''),
	('ca1b308a48a94db556520b9075593939',1282623035,''),
	('adb050d07bcc11b3f2f54c35b80cea82',1282623636,''),
	('6331b508640aea57692aecf2afaebf83',1282624236,''),
	('d116d65e12a2ccf16fc9312e45b2e40a',1282624836,''),
	('4974ad1e426788a43c8ac7bdcbd95ebe',1282625436,''),
	('23adf4e4bf857960114f1aa4a0928522',1282626036,''),
	('02cf97e80515f1694d700fb2ede1768c',1282626636,''),
	('64c064e28f1884a11607dcedbefcc9a9',1282626823,''),
	('dd62c6400e2eebbfecb669cd47b90ed9',1282626823,''),
	('88b8eecfda1bd60393e95402d072a46f',1282626824,''),
	('cbf678fe75c1d4cfdb6b292ee97fe9d9',1282626824,''),
	('beb3b5288a5d29d494d350e4088e797a',1282626824,''),
	('33a222e5e0dab7e51d8be48140d25e2e',1282626824,''),
	('e39cd97fabade4792388521f1cf12564',1282626824,''),
	('46bab0c9cf27dfceccebb38a94126749',1282626825,''),
	('b8e66884e139cac9a12396abde120d02',1282626825,''),
	('83c899d9dc69648c73bcf323acf3e183',1282626825,''),
	('46dcf8b09a3ea66ca80fd2a21ded141b',1282626825,''),
	('9d26cda3715da406fba413a65d798295',1282626826,''),
	('f7534390bf64b496a2e109a0baa07b24',1282626826,''),
	('c776ef376508fd62144a1a4c08ffca77',1282626826,''),
	('f1bd71332450e504556bc4c9f864e998',1282626826,''),
	('1b6d658d8213ac03b21e55176a363550',1282626827,''),
	('c325b16cd6185603fa2cfc3e0eec5ff1',1282626827,''),
	('22c6523fc71b14dabb62581ebe23276d',1282626827,''),
	('36c3287e42e6947bf588052f17b4920b',1282626827,''),
	('31fed08045f7e4260f93d00764145c22',1282626827,''),
	('008540419c84ccffb7577e22a59f12ca',1282626828,''),
	('b0ae0d75eb803ffc10901ed5f3da39ab',1282626828,''),
	('4723fc3c0d7c60b1b7040882f6739e26',1282626828,''),
	('6d13c1126da63d635b07757d7de3a61e',1282626828,''),
	('09dca79d3acdfa16bbd1151a16c91e05',1282626829,''),
	('69658dbfc6b7cbc64b7624e386161d54',1282626829,''),
	('d2ed391b86ea8a8861b5f9fb49eb8f8a',1282626829,''),
	('335385546a0fafb7513230d1796c021d',1282626829,''),
	('5bb5e903983790f0ad530e09b37957f7',1282626830,''),
	('a1bad48434710336f6c23218230bd751',1282626830,''),
	('fa2b669aefdc51b7ef01b8f3223f6aba',1282626830,''),
	('47d92a241d14580f5c9798f58c9068fb',1282626830,''),
	('539150ba222ff11481f3342be8bcc0bf',1282626830,''),
	('153fcf6cb846056211bb965324d91c09',1282626831,''),
	('a2e2f8c5f7730a620fa8dd4c0f5d7d5e',1282626831,''),
	('4ec8a6068232a09c9d4c7885df541d7f',1282626831,''),
	('875dcdcb5b73d2a2c7bef0f0830c31ca',1282626831,''),
	('89ed8c62c9ed8bbe4769508e62509391',1282626832,''),
	('e7d7b419037dccd97a2e513d424b0105',1282626832,''),
	('def8240ef9161e6c90600094ff39ccf2',1282626832,''),
	('d22a19a5f74ae8a4db5fcb60ccc91fc2',1282626832,''),
	('677dac03b2752311993637a21e66b5e7',1282626832,''),
	('be61f076f5f9003d1d9dc6bfddb12380',1282626833,''),
	('2d048aa75e985bb611ddd195063c9c19',1282626833,''),
	('f5e658e772869d3a43bd78b9e98649c7',1282626833,''),
	('14c83713d0ff8dd1baa3460645514a6b',1282626833,''),
	('273a96cc0d8f5414fce45b93d6d9852a',1282626834,''),
	('642856cc9086402797d6db1c69a1bb6c',1282626834,''),
	('b102ecd1e199692bd2aecb3c19bbde14',1282626834,''),
	('e3399e74195b7496076ce438e9cc6dc0',1282626834,''),
	('49c4e0ffebed6135147f3a0a8937cd66',1282626835,''),
	('3a51c1822ed84f44bbe8ac5ae69c7ce9',1282626835,''),
	('2cf4e45c993de76f4ac94f62b2887e16',1282626835,''),
	('f215d92494d484a5bd0a6f2b83d92c78',1282626835,''),
	('9f9dccf2240b4a305832b03cdb7660a6',1282626836,''),
	('f7de491c028c92b8ca98efc11a99e7e6',1282626836,''),
	('ab1a3630566f1f6095d8193ea626bea7',1282626836,''),
	('4d32021c656a8c7773f7331ec4ad70a1',1282626836,''),
	('21731b85980a0834e7c13bc39799d869',1282626836,''),
	('f37fdf695b0f70d8452b94e3f760bd09',1282626837,''),
	('bc9bf0878a5e9331d8ee047d934c0f6d',1282626837,''),
	('d6920f5ade00b7578628dd4526460f83',1282626837,''),
	('cfb51b2128470daba062bc2a18f3ef7d',1282626837,''),
	('31e37387973228191a2e9247313a0f70',1282626838,''),
	('6c2bff6e417d3e2a0433a0acde290c04',1282626838,''),
	('e0fba4179d19a706a762ba040bd65ac6',1282626838,''),
	('897ccbf98eccdae761c89cb535e749bb',1282626838,''),
	('da0d9946af748980919b97ecf81571b8',1282626838,''),
	('676c8acc54618918195487e0e7eb3a7b',1282627236,''),
	('0477e99e0f36cfd874e7c7d326783798',1282627837,''),
	('e3bafe63ff7caaca3bdfc8ab9cac7711',1282628437,''),
	('b1d78b5f36d089b9592f07b94bf6f573',1282629037,''),
	('3fd2b576b7730323fda20415e999802b',1282629637,''),
	('d22c042918672a0014ffd411125224e0',1282630237,''),
	('5369dea14207c1a8fedb86db62624943',1282630837,''),
	('df6777c8dad82a520db2db2d79c0ad5b',1282631439,''),
	('0451e31a5b3ab4a91b369b0f5102df45',1282632039,''),
	('af6c69b7b017d794ddd979274a6b9aae',1282632639,''),
	('1aa243c8b86962cf0267e889e75a87e5',1282633240,''),
	('548c01f785dd3569cab50d6e07aa7be7',1282633840,''),
	('ef0dc6f8deb31da2b38ef2e9e56e6b8b',1282634440,''),
	('ae9a6aaea4eaa6c69a21b23da510c320',1282635040,''),
	('c15f9029d9a44a57d8a30de72a8a69b6',1282635640,''),
	('0b309a11ee70b0a59ff6301736659e78',1282636241,''),
	('d7a63cc445f2d3a872ad132069ab7e05',1282636842,''),
	('b4707592af50d14f5b07b1d8e79c9ed0',1282637442,''),
	('72f29c73f786aee1d02fe350a8e00927',1282638042,''),
	('4126cdeeb43c037c50e0d7627eb053b3',1282638642,''),
	('8c6fff05f724c946879a655fc22bb99b',1282639242,''),
	('75d5eca8bcbb48012c70e4291255c0d6',1282639843,''),
	('b4d9248436b3b65bfe8d1a352cbe4c83',1282640443,''),
	('5aebda8a98d4f2e7af115e1d5f0c98c0',1282641043,''),
	('fae4aae9a746d18ee8578d1d2e186c7a',1282641643,''),
	('0485eb63eead5bc18c7be6cf64c0c702',1282642243,''),
	('66a3a5291fdf17915d8dde41ac1cd04f',1282642843,''),
	('55df375c1a038b39662c8e029617ba00',1282643443,''),
	('c93dcba4a91b917ca10089545ed30cbd',1282644044,''),
	('a32145b172b2500b279685243d556fd8',1282644644,''),
	('ba33d92040a3866afed759257bb32d5e',1282644718,''),
	('44b203b2552a107bb20c631bb40bdc5a',1282644718,''),
	('4ecc625ba38219fcb19d2d8633c64a20',1282645244,''),
	('889bfa9ef17540c529cc7f4dfe65a990',1282645844,''),
	('00935e7b177b7b6d1adab68a94fb4f99',1282646444,''),
	('336635d9638d2487fc16dba9cde8ef0b',1282647045,''),
	('3bf8bb61be3ff3ecfa1380314eca4035',1282647645,''),
	('e6e28f72184cbb3226a95a83f8bb3cbb',1282648245,''),
	('43c22d18021036df1a344b43e9acf7e6',1282648845,''),
	('2ae9177df9c9851c3933603f8964cc6f',1282649445,''),
	('0f20eb9ac0e22b24eff174fa3feafeff',1282650045,''),
	('409ce87fef19e626df16e2eec1bb6640',1282650645,''),
	('6872bb980d0e626674b4efb4a317d5fd',1282651246,''),
	('30794a87464457a1bccdbbaf77015da4',1282651846,''),
	('539234e678e42efe75de54429600b9a2',1282652446,''),
	('be428b2bafe1144c8d010cf7f006ec48',1282653046,''),
	('d3508e98e6f294ebc804726182e863ea',1282653646,''),
	('75e3115b04b6a85238375808c0a83251',1282654246,''),
	('1de14d7c80337f7ce01772df65cea164',1282654847,''),
	('6269d20311fd2d74a712c45276e8eccd',1282655447,''),
	('ffc97019034b0e74911729479c5f3e76',1282656047,''),
	('7ee18fe4d64562bcfb85f6468a542b22',1282656647,''),
	('f365ae30f3e6f2a1ed1563e87fcfa736',1282657247,''),
	('0df9309259832ecf510c57248b24bf76',1282657847,''),
	('c3df74da4d8e9d288e71787af8767a4b',1282658447,''),
	('0a359fdcd0e2fd8f57b5c14795735a0e',1282659048,''),
	('e103cf455d5e50fa350ed04d5454cc3e',1282659648,''),
	('84b522bda6ec73268fe47dfd1e2d4fdc',1282660248,''),
	('e28eef3e45b7f89a413799c3c620cea6',1282660848,''),
	('15f35cf623e927099fb03e900a4d3097',1282661448,''),
	('360cd7c1dd2e0d661316223b224de3cf',1282662048,''),
	('0a69a1d69824c134dc8338af39225826',1282662648,''),
	('1fbdbfeba753348b2cf01fac0e71cef3',1282663249,''),
	('f14ab44f5a73584e7d69b5b4eba0ecd6',1282663849,''),
	('bfa821ef86cf650f31b0dc3d41489d1b',1282664447,''),
	('1a04d31043a13e0e241efbd9bc4b2a21',1282664447,''),
	('624803fa2a96c49f4a70932f848232d8',1282664449,''),
	('b9611da9237104e5e6e1a34c8a92ad05',1282665049,''),
	('ccd6fa4baccf63ced92388cefa4f1f0b',1282665649,''),
	('00ad83a12358b6ec27a85a491fd56d28',1282666249,''),
	('08dc2748a1c8786e483cecff8a048db0',1282666850,''),
	('c4261180fa31fac2986f268c774256d7',1282667450,''),
	('1b2760586797fce16ae2380d401b4a80',1282668050,''),
	('14ea035a4d069e0193f34b540f692ee1',1282668650,''),
	('478640ad9e9cac47411911ee2ce5d2f0',1282669250,''),
	('3d7e1a97dff73a53e2eb07eedabb85c9',1282669850,''),
	('b9a38243ae38e33fc07605af755d0501',1282670451,''),
	('bd4352bb15d09c71f2f33fc12f3acfdb',1282671051,''),
	('2395ad569db5bfc3458530e40607c253',1282671651,''),
	('4ac8e46af5e8ac70221799a733d744b6',1282672251,''),
	('2aada0f6f92de83ce729019233043f9e',1282672851,''),
	('bb8787be04b9870e26f11c7866e823c9',1282673173,''),
	('8975f9fd36770a08eb718d1a591337b5',1282673173,'pageview_etime|d:1282673173.9516680240631103515625;'),
	('a27884c65e1386e671cadd6584668e7e',1282673451,''),
	('d0da1d4f401cb347faef0ff118ad0672',1282674051,''),
	('c1f20a287bb5ed48bfd6f382e6cd07b3',1282674652,''),
	('67f6c69bb0b7adad346561b5a820d33e',1282675252,''),
	('20de12f350c96dbc3c1b67cb3d2c3f46',1282675817,''),
	('a1e9619e8a560f5674d6bb46527f251d',1282675818,'pageview_etime|d:1282675818.38800907135009765625;'),
	('888bd4186f0cbc376a9de50b671449f7',1282675819,'pageview_etime|d:1282675819.3862330913543701171875;'),
	('3c1e2de733cb02870ba4c6da59f6d6c5',1282675852,''),
	('b6495713974f0d4467487b81f13cafbc',1282676452,''),
	('c5e24124acbd5b5e30bf5cf8ffb793c4',1282677052,''),
	('3909bea792d791c5c576fa65c19f01d7',1282677652,''),
	('1b8a18abd7a917215369d88b4ce467c5',1282678252,''),
	('8ca2a5681924a1e0f081dc00d24ff1d3',1282678853,''),
	('481e246eacd4a7cf7d87562bb29e1ecd',1282679453,''),
	('b0f9b4578eea89221732c6b5bcfa540d',1282680053,''),
	('e205c1b5e091519015f2b0c33ea6c8b3',1282680653,''),
	('a5a9b15a3831b2181f86f92e63017de9',1282681253,''),
	('0e3d1ab5c567eddc0ec9dd18ed5e3a0a',1282681853,''),
	('82b50d233f047ed1225ee1aeb71a7311',1282682454,''),
	('69f4626db2063711810af56622f3816c',1282683054,''),
	('db0913497f89566202e10011c43ccf69',1282683654,''),
	('46b0306b5a7e814ff7830efaee9eaaeb',1282684254,''),
	('890f761637e0d5541705cf920455a3d8',1282684547,''),
	('d44be7ff657f2da92342de025ba74756',1282684547,''),
	('b9af101dc7edfe7b5fb8680f50c4a94b',1282684854,''),
	('d0bd80db450d5597d837cd56ec91a95b',1282685454,''),
	('4fdea2a1caa6941def090871e375ab7e',1282686054,''),
	('d8322972b1135caa42b06a80f46ade3b',1282686655,''),
	('be12d51e341eacdb91c45a55955c99a5',1282687255,''),
	('47705d8d9877d655d1dd9c0fd57b0d5f',1282687705,''),
	('7861ede164092b2ebdfeb08ddfc819d0',1282687855,''),
	('5a3b4b4a211ae4a57941465ff67513b2',1282688455,''),
	('f079a697c352ddfe7bea39db3434fb0c',1282688668,''),
	('8a9dfe731e53fae899a1417ecc04f0fa',1282688668,'pageview_etime|d:1282688668.1952741146087646484375;'),
	('05adce638d5d54ed62c9329990986dc4',1282689055,''),
	('753b101a64445fe65cfc1b70ba5ed286',1282689655,''),
	('ce2404a42f64d11644cdfe92bb2257f2',1282690256,''),
	('d12e4bb22d5de3deab52bd2fded82bdb',1282690856,''),
	('b9597b4c9066ceb5c3b4ec9d14fc5c78',1282691456,''),
	('6e44dd370843712ab1ca1816d92aa008',1282692056,''),
	('19fd4bebca1f8067d7f9b9e35598bd34',1282692656,''),
	('e70299829c7a196816b6bd1e6e3db89f',1282693256,''),
	('ec6dd5c69bfc3b7d5772ce219da3545f',1282693856,''),
	('628a5a47477b1be67e04d446f9bece49',1282694457,''),
	('0b5070f96deae5b60361095510b22d54',1282695057,''),
	('5557e50f4b846f1e89e1eb3edb7ed819',1282695657,''),
	('5a5fab83b705046c0a926b00ddec3c53',1282695880,''),
	('d851fb23d901175e1c60d1355d0ff511',1282696257,''),
	('7985fb7415164c5ef333e6a2b20d06c0',1282696857,''),
	('263dd9638be6a76b58086aaab3bae537',1282697207,'pageview_etime|d:1282697207.3709070682525634765625;');

/*!40000 ALTER TABLE `apollo_Sessions` ENABLE KEYS */;
UNLOCK TABLES;


# Dump of table apollo_Theme
# ------------------------------------------------------------

DROP TABLE IF EXISTS `apollo_Theme`;

CREATE TABLE `apollo_Theme` (
  `id` int(11) NOT NULL AUTO_INCREMENT,
  `theme_name` varchar(255) DEFAULT NULL,
  `theme_title` varchar(255) DEFAULT NULL,
  `price` int(11) DEFAULT NULL,
  `thumb_url` varchar(255) DEFAULT NULL,
  `description` varchar(255) DEFAULT NULL,
  `is_private` tinyint(1) DEFAULT '0',
  `max_page_depth` tinyint(1) DEFAULT '2',
  PRIMARY KEY (`id`)
) ENGINE=MyISAM AUTO_INCREMENT=6 DEFAULT CHARSET=latin1;

LOCK TABLES `apollo_Theme` WRITE;
/*!40000 ALTER TABLE `apollo_Theme` DISABLE KEYS */;
INSERT INTO `apollo_Theme` (`id`,`theme_name`,`theme_title`,`price`,`thumb_url`,`description`,`is_private`,`max_page_depth`)
VALUES
	(2,'HollyPacione','Holly Pacione Photography',1000,'admin/themes/HollyPacione/screenshot.png','Holly Pacione Photography',1,2),
	(1,'ApolloSites','ApolloSites',5000,'admin/themes/ApolloSites/screenshot.png','ApolloSites',1,5),
	(3,'cgp4','Charlotte Geary Photography',5000,'admin/themes/cgp4/screenshot.png','Charlotte Geary Photography',1,4),
	(4,'Callisto','Callisto',200,NULL,NULL,0,2),
	(5,'Pandora','Pandora',200,NULL,NULL,0,2);

/*!40000 ALTER TABLE `apollo_Theme` ENABLE KEYS */;
UNLOCK TABLES;


# Dump of table apollo_ThemeParas
# ------------------------------------------------------------

DROP TABLE IF EXISTS `apollo_ThemeParas`;

CREATE TABLE `apollo_ThemeParas` (
  `id` int(11) NOT NULL AUTO_INCREMENT,
  `theme_id` int(11) DEFAULT NULL,
  `para_type` enum('email','image','gallery','font-family','favicon','font-size','color','text','small-int','multi-gallery') DEFAULT NULL,
  `page_template_name` varchar(255) DEFAULT NULL,
  `description` varchar(255) DEFAULT NULL,
  `admin_order` tinyint(3) DEFAULT '1',
  `help_text` text,
  `default_value` varchar(255) DEFAULT NULL,
  `is_public` tinyint(1) DEFAULT '1',
  PRIMARY KEY (`id`)
) ENGINE=MyISAM AUTO_INCREMENT=417 DEFAULT CHARSET=latin1;

LOCK TABLES `apollo_ThemeParas` WRITE;
/*!40000 ALTER TABLE `apollo_ThemeParas` DISABLE KEYS */;
INSERT INTO `apollo_ThemeParas` (`id`,`theme_id`,`para_type`,`page_template_name`,`description`,`admin_order`,`help_text`,`default_value`,`is_public`)
VALUES
	(201,2,'gallery','gallerypage.php','Basic portfolio page',1,NULL,NULL,1),
	(202,2,'gallery','homepage.php','Home page with gallery',1,NULL,NULL,1),
	(203,2,'image','contentleftpage.php','background photo',1,'Choose a background picture that will appear as the background of this page',NULL,1),
	(204,2,'image','contentrightpage.php','background photo',1,'Choose a background picture that will appear as the background of this page',NULL,1),
	(205,2,'image','contactpage.php','background photo',2,'Choose a background picture that will appear as the background of this page',NULL,1),
	(206,2,'email','contactpage.php','email',1,NULL,NULL,1),
	(207,2,'image','all','Logo (450 x 164)',1,'Your site logo, you can use any image but its recommended to use an image that supports transparancy (such as png or gif) and make the backround transparent.',NULL,1),
	(208,2,'font-size','all','Font size',1,NULL,NULL,0),
	(209,2,'font-family','all','Font Family',1,NULL,NULL,0),
	(210,2,'favicon','all','Fav Icon',1,'This allows you to select a favicon for your site, this is the small logo that appears in the browsers navigation bar. Its best to uses a .ico image, but you can also use a png image. The image MUST be 16x16 pixels in size.',NULL,1),
	(211,2,'color','all','Background Color',1,'The background color for the site',NULL,1),
	(212,2,'color','all','Foreground Color',1,'This changes the color of the text throughout your site (with the exception of the text in your menu)',NULL,1),
	(215,2,'image','page.php','background photo',1,'Choose a background picture that will appear as the background of this page',NULL,1),
	(217,2,'color','all','Menu Text Color',1,'This allows you to change the color of the text in the menu',NULL,1),
	(218,2,'color','all','Border Color',1,'This allows you to change the color of the borders used throughout your site',NULL,1),
	(101,1,'image','home_page.php','Home page image',1,'This allows you to set the image used on the home page.',NULL,1),
	(400,4,'image','all','Logo',1,'Set your company logo',NULL,1),
	(401,4,'image','all','Favicon',2,'This allows you to select a favicon for your site, this is the small logo that appears in the browsers navigation bar. Its best to uses a .ico image, but you can also use a png image. The image MUST be 16x16 pixels in size.',NULL,1),
	(402,4,'color','all','Background color',3,'The background color for the site',NULL,1),
	(403,4,'color','all','Foreground color',4,'This changes the color of the text throughout your site (with the exception of the text in your menu)',NULL,1),
	(404,4,'color','all','Menu Text Color',5,'This allows you to change the color of the text in the menu\n',NULL,1),
	(405,4,'text','all','Footer Text',9,'Your footer text, typically a copyright notice',NULL,1),
	(406,4,'text','all','Google Tracking Code',10,'Your google tracking code, given to you by google',NULL,1),
	(408,4,'gallery','gallerypage.php','Gallery page',1,NULL,NULL,1),
	(409,4,'color','all','Menu selected color',6,NULL,NULL,1),
	(410,4,'color','all','Border color',7,'The sites border color.',NULL,1),
	(411,4,'small-int','all','Border width',8,'The sites border width, in pixels. Set to 0 if you don\'t want a border.',NULL,1),
	(412,4,'gallery','homepage.php','Home page gallery',1,NULL,NULL,1),
	(413,4,'image','textleftandimagepage.php','Image',1,NULL,NULL,1),
	(414,4,'gallery','textleftandslideshowpage.php','Gallery',1,NULL,NULL,1),
	(415,4,'gallery','textrightandslideshowpage.php','Gallery',1,NULL,NULL,1),
	(416,4,'image','textrightandimagepage.php','Image',1,NULL,NULL,1),
	(102,1,'multi-gallery','themes_page.php','Themes page multi-gallery',1,NULL,NULL,1),
	(219,2,'color','all','Blog post title color',1,'This is the color used for the title for each of your blog posts.',NULL,1),
	(220,2,'small-int','all','Blog image border width',1,'This is the width of the border used for images in your blog posts. Set to 0 to remove borders.',NULL,1),
	(221,2,'color','all','Blog image border color',1,'This is the color of the border used for images in your blog posts. ',NULL,1),
	(103,1,'color','home_page.php','Home page color',1,'This sets the color for something or other!',NULL,1),
	(301,3,'text','all','Google tracker code',1,'This is the tracker code given to you by google, it typically looks something like \"UA-234628-2\"',NULL,1),
	(302,3,'gallery','gallerypage.php','Gallery page',2,'This is a basic gallery page',NULL,1),
	(303,3,'gallery','homepage.php','Home page gallery',3,'This is a gallery displayed on the home page',NULL,1);

/*!40000 ALTER TABLE `apollo_ThemeParas` ENABLE KEYS */;
UNLOCK TABLES;


# Dump of table athena_1_Comments
# ------------------------------------------------------------

DROP TABLE IF EXISTS `athena_1_Comments`;

CREATE TABLE `athena_1_Comments` (
  `id` int(11) NOT NULL AUTO_INCREMENT,
  `content` text,
  `status` enum('Pending','Published','Trash','Spam','PossibleSpam') DEFAULT 'Pending',
  `last_edit` datetime DEFAULT NULL,
  `created` datetime DEFAULT NULL,
  `blog_follower_id` int(11) NOT NULL,
  PRIMARY KEY (`id`)
) ENGINE=MyISAM AUTO_INCREMENT=2 DEFAULT CHARSET=latin1;



# Dump of table athena_1_Folders
# ------------------------------------------------------------

DROP TABLE IF EXISTS `athena_1_Folders`;

CREATE TABLE `athena_1_Folders` (
  `id` int(11) NOT NULL AUTO_INCREMENT,
  `name` varchar(255) DEFAULT 'Unamed Folder',
  PRIMARY KEY (`id`)
) ENGINE=MyISAM AUTO_INCREMENT=70 DEFAULT CHARSET=utf8;

LOCK TABLES `athena_1_Folders` WRITE;
/*!40000 ALTER TABLE `athena_1_Folders` DISABLE KEYS */;
INSERT INTO `athena_1_Folders` (`id`,`name`)
VALUES
	(2,'Reserved (Last 24 hours))'),
	(3,'Reserved (Last 7 days)'),
	(4,'Reserved (last 1 day)'),
	(5,'Reserved'),
	(6,'Reserved'),
	(7,'Reserved'),
	(8,'Reserved'),
	(9,'Reserved'),
	(68,'cgp images'),
	(69,'new folder');

/*!40000 ALTER TABLE `athena_1_Folders` ENABLE KEYS */;
UNLOCK TABLES;


# Dump of table athena_1_GalleryMeta
# ------------------------------------------------------------

DROP TABLE IF EXISTS `athena_1_GalleryMeta`;

CREATE TABLE `athena_1_GalleryMeta` (
  `id` int(11) NOT NULL AUTO_INCREMENT,
  `page_id` bigint(20) DEFAULT NULL,
  `gallery_number` tinyint(2) DEFAULT '0',
  `title` varchar(255) DEFAULT NULL,
  `description` varchar(255) DEFAULT NULL,
  `image_id` bigint(20) DEFAULT NULL,
  `theme_para_id` bigint(20) DEFAULT NULL,
  PRIMARY KEY (`id`)
) ENGINE=MyISAM DEFAULT CHARSET=utf8;



# Dump of table athena_1_GalleryTable
# ------------------------------------------------------------

DROP TABLE IF EXISTS `athena_1_GalleryTable`;

CREATE TABLE `athena_1_GalleryTable` (
  `id` bigint(20) NOT NULL AUTO_INCREMENT,
  `image_id` bigint(20) DEFAULT NULL,
  `page_id` bigint(20) DEFAULT NULL,
  `slot_number` tinyint(3) DEFAULT NULL,
  `gallery_number` tinyint(2) DEFAULT '0',
  `theme_para_id` int(11) DEFAULT NULL,
  PRIMARY KEY (`id`)
) ENGINE=MyISAM DEFAULT CHARSET=latin1;



# Dump of table athena_1_GlobalParas
# ------------------------------------------------------------

DROP TABLE IF EXISTS `athena_1_GlobalParas`;

CREATE TABLE `athena_1_GlobalParas` (
  `id` bigint(20) NOT NULL AUTO_INCREMENT,
  `para_value` varchar(255) DEFAULT NULL,
  `theme_para_id` bigint(20) DEFAULT NULL,
  PRIMARY KEY (`id`)
) ENGINE=MyISAM DEFAULT CHARSET=utf8;



# Dump of table athena_1_Media
# ------------------------------------------------------------

DROP TABLE IF EXISTS `athena_1_Media`;

CREATE TABLE `athena_1_Media` (
  `id` bigint(20) NOT NULL AUTO_INCREMENT,
  `folder_id` int(11) DEFAULT '1',
  `filename` varchar(255) DEFAULT NULL,
  `mime_type` varchar(20) DEFAULT NULL,
  `file_size` int(11) DEFAULT NULL,
  `created` timestamp NULL DEFAULT NULL ON UPDATE CURRENT_TIMESTAMP,
  `title` text,
  `description` text,
  `tags` text,
  `width` int(9) DEFAULT NULL,
  `height` int(9) DEFAULT NULL,
  `thumb_filename` varchar(255) DEFAULT NULL,
  `thumb_width` int(9) DEFAULT NULL,
  `thumb_height` int(9) DEFAULT NULL,
  PRIMARY KEY (`id`)
) ENGINE=MyISAM AUTO_INCREMENT=55 DEFAULT CHARSET=utf8;

LOCK TABLES `athena_1_Media` WRITE;
/*!40000 ALTER TABLE `athena_1_Media` DISABLE KEYS */;
INSERT INTO `athena_1_Media` (`id`,`folder_id`,`filename`,`mime_type`,`file_size`,`created`,`title`,`description`,`tags`,`width`,`height`,`thumb_filename`,`thumb_width`,`thumb_height`)
VALUES
	(1,1,'OzTrip001.JPG','image/jpeg',807827,'2010-08-09 22:22:51','OzTrip_001.JPG','','',1600,1200,'OzTrip001_thumb.JPG',50,50),
	(2,1,'OzTrip002.JPG','image/jpeg',872627,'2010-08-09 22:22:51','OzTrip_002.JPG','','',1600,1200,'OzTrip002_thumb.JPG',50,50),
	(3,1,'OzTrip003.JPG','image/jpeg',723476,'2010-08-09 22:22:51','OzTrip_003.JPG','','',1600,1200,'OzTrip003_thumb.JPG',50,50),
	(4,1,'OzTrip004.JPG','image/jpeg',615570,'2010-08-09 22:22:51','OzTrip_004.JPG','','',1600,1200,'OzTrip004_thumb.JPG',50,50),
	(5,1,'OzTrip005.JPG','image/jpeg',735837,'2010-08-09 22:22:52','OzTrip_005.JPG','','',1600,1200,'OzTrip005_thumb.JPG',50,50),
	(6,1,'OzTrip006.JPG','image/jpeg',414403,'2010-08-09 22:22:52','OzTrip_006.JPG','','',1600,1200,'OzTrip006_thumb.JPG',50,50),
	(7,1,'OzTrip007.JPG','image/jpeg',489871,'2010-08-09 22:22:52','OzTrip_007.JPG','','',1600,1200,'OzTrip007_thumb.JPG',50,50),
	(8,1,'OzTrip008.JPG','image/jpeg',357606,'2010-08-09 22:22:52','OzTrip_008.JPG','','',1024,768,'OzTrip008_thumb.JPG',50,50),
	(9,1,'OzTrip009.JPG','image/jpeg',343058,'2010-08-09 22:22:52','OzTrip_009.JPG','','',1024,768,'OzTrip009_thumb.JPG',50,50),
	(10,1,'OzTrip010.JPG','image/jpeg',351745,'2010-08-09 22:22:52','OzTrip_010.JPG','','',1024,768,'OzTrip010_thumb.JPG',50,50),
	(11,1,'intro01.jpg','image/jpeg',193833,'2010-08-11 20:01:25','intro_01.jpg','','',1260,800,'intro01_thumb.jpg',50,50),
	(12,1,'intro02.jpg','image/jpeg',174858,'2010-08-11 20:01:25','intro_02.jpg','','',1260,800,'intro02_thumb.jpg',50,50),
	(13,1,'intro03.jpg','image/jpeg',198904,'2010-08-11 20:01:25','intro_03.jpg','','',1260,800,'intro03_thumb.jpg',50,50),
	(14,1,'intro04.jpg','image/jpeg',167628,'2010-08-11 20:01:26','intro_04.jpg','','',1260,800,'intro04_thumb.jpg',50,50),
	(15,1,'intro05.jpg','image/jpeg',138222,'2010-08-11 20:01:26','intro_05.jpg','','',1260,800,'intro05_thumb.jpg',50,50),
	(16,68,'intro20.jpg','image/jpeg',239069,'2010-08-11 20:02:45','intro_20.jpg','','',1260,800,'intro20_thumb.jpg',50,50),
	(17,68,'intro21.jpg','image/jpeg',175167,'2010-08-11 20:02:46','intro_21.jpg','','',1260,800,'intro21_thumb.jpg',50,50),
	(18,68,'intro22.jpg','image/jpeg',174838,'2010-08-11 20:02:46','intro_22.jpg','','',1260,800,'intro22_thumb.jpg',50,50),
	(19,68,'intro23.jpg','image/jpeg',170592,'2010-08-11 20:02:46','intro_23.jpg','','',1260,800,'intro23_thumb.jpg',50,50),
	(20,68,'intro24.jpg','image/jpeg',153034,'2010-08-11 20:02:46','intro_24.jpg','','',1260,800,'intro24_thumb.jpg',50,50),
	(21,68,'intro25.jpg','image/jpeg',111709,'2010-08-11 20:02:47','intro_25.jpg','','',1280,800,'intro25_thumb.jpg',50,50),
	(22,1,'intro01_1.jpg','image/jpeg',193833,'2010-08-11 20:48:04','intro_01.jpg','','',1260,800,'intro01_1_thumb.jpg',50,50),
	(23,1,'intro02_1.jpg','image/jpeg',174858,'2010-08-11 20:48:04','intro_02.jpg','','',1260,800,'intro02_1_thumb.jpg',50,50),
	(24,1,'intro03_1.jpg','image/jpeg',198904,'2010-08-11 20:48:04','intro_03.jpg','','',1260,800,'intro03_1_thumb.jpg',50,50),
	(25,1,'intro04_1.jpg','image/jpeg',167628,'2010-08-11 20:48:05','intro_04.jpg','','',1260,800,'intro04_1_thumb.jpg',50,50),
	(26,1,'intro05_1.jpg','image/jpeg',138222,'2010-08-11 20:48:05','intro_05.jpg','','',1260,800,'intro05_1_thumb.jpg',50,50),
	(27,1,'intro06.jpg','image/jpeg',117995,'2010-08-11 20:48:05','intro_06.jpg','','',1260,800,'intro06_thumb.jpg',50,50),
	(28,1,'intro07.jpg','image/jpeg',159482,'2010-08-11 20:48:05','intro_07.jpg','','',1260,800,'intro07_thumb.jpg',50,50),
	(29,1,'intro08.jpg','image/jpeg',131547,'2010-08-11 20:48:05','intro_08.jpg','','',1260,840,'intro08_thumb.jpg',50,50),
	(30,1,'intro09.jpg','image/jpeg',170500,'2010-08-11 20:48:06','intro_09.jpg','','',1260,800,'intro09_thumb.jpg',50,50),
	(31,1,'intro10.jpg','image/jpeg',136606,'2010-08-11 20:48:06','intro_10.jpg','','',1260,800,'intro10_thumb.jpg',50,50),
	(32,1,'intro11.jpg','image/jpeg',181283,'2010-08-11 20:48:06','intro_11.jpg','','',1260,800,'intro11_thumb.jpg',50,50),
	(33,1,'intro12.jpg','image/jpeg',167444,'2010-08-11 20:48:06','intro_12.jpg','','',1260,800,'intro12_thumb.jpg',50,50),
	(34,1,'intro13.jpg','image/jpeg',151707,'2010-08-11 20:48:06','intro_13.jpg','','',1260,800,'intro13_thumb.jpg',50,50),
	(35,1,'intro14.jpg','image/jpeg',165953,'2010-08-11 20:48:06','intro_14.jpg','','',1260,800,'intro14_thumb.jpg',50,50),
	(36,1,'intro15.jpg','image/jpeg',94604,'2010-08-11 20:48:07','intro_15.jpg','','',1260,800,'intro15_thumb.jpg',50,50),
	(37,1,'intro16.jpg','image/jpeg',197056,'2010-08-11 20:48:07','intro_16.jpg','','',1260,800,'intro16_thumb.jpg',50,50),
	(38,1,'intro17.jpg','image/jpeg',158170,'2010-08-11 20:48:07','intro_17.jpg','','',1260,800,'intro17_thumb.jpg',50,50),
	(39,1,'intro18.jpg','image/jpeg',167154,'2010-08-11 20:48:07','intro_18.jpg','','',1260,800,'intro18_thumb.jpg',50,50),
	(40,1,'intro19.jpg','image/jpeg',191870,'2010-08-11 20:48:07','intro_19.jpg','','',1260,800,'intro19_thumb.jpg',50,50),
	(41,1,'intro20_1.jpg','image/jpeg',239069,'2010-08-11 20:48:08','intro_20.jpg','','',1260,800,'intro20_1_thumb.jpg',50,50),
	(42,1,'intro21_1.jpg','image/jpeg',175167,'2010-08-11 20:48:08','intro_21.jpg','','',1260,800,'intro21_1_thumb.jpg',50,50),
	(43,1,'intro22_1.jpg','image/jpeg',174838,'2010-08-11 20:48:08','intro_22.jpg','','',1260,800,'intro22_1_thumb.jpg',50,50),
	(44,1,'intro23_1.jpg','image/jpeg',170592,'2010-08-11 20:48:08','intro_23.jpg','','',1260,800,'intro23_1_thumb.jpg',50,50),
	(45,1,'intro24_1.jpg','image/jpeg',153034,'2010-08-11 20:48:08','intro_24.jpg','','',1260,800,'intro24_1_thumb.jpg',50,50),
	(46,1,'intro25_1.jpg','image/jpeg',111709,'2010-08-11 20:48:09','intro_25.jpg','','',1280,800,'intro25_1_thumb.jpg',50,50),
	(47,1,'intro26.jpg','image/jpeg',306763,'2010-08-11 20:48:09','intro_26.jpg','','',1280,800,'intro26_thumb.jpg',50,50),
	(48,1,'intro27.jpg','image/jpeg',195623,'2010-08-11 20:48:09','intro_27.jpg','','',1260,800,'intro27_thumb.jpg',50,50),
	(49,1,'intro28.jpg','image/jpeg',146378,'2010-08-11 20:48:09','intro_28.jpg','','',1260,800,'intro28_thumb.jpg',50,50),
	(50,1,'intro29.jpg','image/jpeg',125793,'2010-08-11 20:48:10','intro_29.jpg','','',1260,800,'intro29_thumb.jpg',50,50),
	(51,1,'intro30.jpg','image/jpeg',134266,'2010-08-11 20:48:10','intro_30.jpg','','',1260,800,'intro30_thumb.jpg',50,50),
	(52,69,'ambassadorsunset.jpg','image/jpeg',373177,'2010-08-21 00:59:29','ambassador_sunset.jpg','','',1024,768,'ambassadorsunset_thumb.jpg',50,50),
	(53,69,'Bounder_UGV.JPG','image/jpeg',45987,'2010-08-21 01:00:51','Bounder UGV.JPG','','',727,544,'Bounder_UGV_thumb.JPG',50,50),
	(54,69,'earthlightslrg.jpg','image/jpeg',547269,'2010-08-21 01:02:09','earth_lights_lrg.jpg','','',2400,1200,'earthlightslrg_thumb.jpg',50,50);

/*!40000 ALTER TABLE `athena_1_Media` ENABLE KEYS */;
UNLOCK TABLES;


# Dump of table athena_1_PageParas
# ------------------------------------------------------------

DROP TABLE IF EXISTS `athena_1_PageParas`;

CREATE TABLE `athena_1_PageParas` (
  `id` bigint(20) NOT NULL AUTO_INCREMENT,
  `page_id` bigint(20) DEFAULT NULL,
  `theme_para_id` int(11) DEFAULT NULL,
  `para_value` varchar(255) DEFAULT NULL,
  PRIMARY KEY (`id`)
) ENGINE=MyISAM AUTO_INCREMENT=5 DEFAULT CHARSET=latin1;

LOCK TABLES `athena_1_PageParas` WRITE;
/*!40000 ALTER TABLE `athena_1_PageParas` DISABLE KEYS */;
INSERT INTO `athena_1_PageParas` (`id`,`page_id`,`theme_para_id`,`para_value`)
VALUES
	(1,9,101,'7'),
	(2,20,101,'32'),
	(3,20,103,'2c473d'),
	(4,9,103,'c0cc42');

/*!40000 ALTER TABLE `athena_1_PageParas` ENABLE KEYS */;
UNLOCK TABLES;


# Dump of table athena_1_Pages
# ------------------------------------------------------------

DROP TABLE IF EXISTS `athena_1_Pages`;

CREATE TABLE `athena_1_Pages` (
  `id` int(11) NOT NULL AUTO_INCREMENT,
  `user_id` int(11) DEFAULT NULL,
  `content` text,
  `status` enum('Published','Draft','Private','Revision') DEFAULT 'Draft',
  `last_edit` datetime DEFAULT NULL,
  `parent_page_id` int(11) DEFAULT '0',
  `title` varchar(255) DEFAULT NULL,
  `slug` varchar(255) DEFAULT NULL,
  `path` varchar(255) DEFAULT NULL,
  `created` datetime DEFAULT NULL,
  `template` varchar(255) DEFAULT NULL,
  `is_homepage` tinyint(1) DEFAULT '0',
  `page_order` tinyint(3) DEFAULT '0',
  `is_blogpage` tinyint(1) DEFAULT '0',
  PRIMARY KEY (`id`)
) ENGINE=MyISAM AUTO_INCREMENT=28 DEFAULT CHARSET=latin1;

LOCK TABLES `athena_1_Pages` WRITE;
/*!40000 ALTER TABLE `athena_1_Pages` DISABLE KEYS */;
INSERT INTO `athena_1_Pages` (`id`,`user_id`,`content`,`status`,`last_edit`,`parent_page_id`,`title`,`slug`,`path`,`created`,`template`,`is_homepage`,`page_order`,`is_blogpage`)
VALUES
	(27,1,'<p>\\sfg dsfgdf dsf gdsf gD&quot;F gdsf\\</p>','Draft','2010-08-18 22:59:01',26,'New page 6','Newpage6.html','/newpage5/','2010-08-18 20:25:02','',0,0,0),
	(26,1,'<p>\\\\</p>','Draft','2010-08-18 22:59:10',0,'New page 5','Newpage5.html','/','2010-08-18 20:24:54','',0,0,0),
	(21,1,'','Private','2010-08-12 20:05:44',0,'Themes','Themes.html','/','2010-08-12 05:30:28','themes_page.php',0,0,0);

/*!40000 ALTER TABLE `athena_1_Pages` ENABLE KEYS */;
UNLOCK TABLES;


# Dump of table athena_1_PostCategories
# ------------------------------------------------------------

DROP TABLE IF EXISTS `athena_1_PostCategories`;

CREATE TABLE `athena_1_PostCategories` (
  `id` int(11) NOT NULL AUTO_INCREMENT,
  `category` varchar(255) DEFAULT NULL,
  PRIMARY KEY (`id`)
) ENGINE=MyISAM AUTO_INCREMENT=2 DEFAULT CHARSET=latin1;



# Dump of table athena_1_Posts
# ------------------------------------------------------------

DROP TABLE IF EXISTS `athena_1_Posts`;

CREATE TABLE `athena_1_Posts` (
  `id` int(11) NOT NULL AUTO_INCREMENT,
  `user_id` int(11) DEFAULT NULL,
  `content` text,
  `status` enum('Published','Draft','Private','Revision') DEFAULT 'Draft',
  `last_edit` datetime DEFAULT NULL,
  `created` datetime DEFAULT NULL,
  `title` varchar(255) DEFAULT NULL,
  `slug` varchar(255) DEFAULT NULL,
  `path` varchar(255) DEFAULT NULL,
  `canComment` tinyint(1) DEFAULT '1',
  PRIMARY KEY (`id`)
) ENGINE=MyISAM AUTO_INCREMENT=3 DEFAULT CHARSET=latin1;

LOCK TABLES `athena_1_Posts` WRITE;
/*!40000 ALTER TABLE `athena_1_Posts` DISABLE KEYS */;
INSERT INTO `athena_1_Posts` (`id`,`user_id`,`content`,`status`,`last_edit`,`created`,`title`,`slug`,`path`,`canComment`)
VALUES
	(2,1,'','Draft','2010-08-20 01:26:07','2010-08-20 01:26:07','New post 1','new-post-1.html','/20/Aug/2010/',1);

/*!40000 ALTER TABLE `athena_1_Posts` ENABLE KEYS */;
UNLOCK TABLES;


# Dump of table athena_1_PostTags
# ------------------------------------------------------------

DROP TABLE IF EXISTS `athena_1_PostTags`;

CREATE TABLE `athena_1_PostTags` (
  `id` int(11) NOT NULL AUTO_INCREMENT,
  `tag` varchar(255) DEFAULT NULL,
  PRIMARY KEY (`id`)
) ENGINE=MyISAM AUTO_INCREMENT=2 DEFAULT CHARSET=latin1;



# Dump of table athena_1_PostToCategories
# ------------------------------------------------------------

DROP TABLE IF EXISTS `athena_1_PostToCategories`;

CREATE TABLE `athena_1_PostToCategories` (
  `id` int(11) NOT NULL AUTO_INCREMENT,
  `post_id` int(11) DEFAULT NULL,
  `category_id` int(11) DEFAULT NULL,
  PRIMARY KEY (`id`)
) ENGINE=MyISAM AUTO_INCREMENT=2 DEFAULT CHARSET=latin1;



# Dump of table athena_1_PostToTags
# ------------------------------------------------------------

DROP TABLE IF EXISTS `athena_1_PostToTags`;

CREATE TABLE `athena_1_PostToTags` (
  `id` int(11) NOT NULL AUTO_INCREMENT,
  `post_id` int(11) DEFAULT NULL,
  `tag_id` int(11) DEFAULT NULL,
  PRIMARY KEY (`id`)
) ENGINE=MyISAM AUTO_INCREMENT=2 DEFAULT CHARSET=latin1;



# Dump of table athena_2_Comments
# ------------------------------------------------------------

DROP TABLE IF EXISTS `athena_2_Comments`;

CREATE TABLE `athena_2_Comments` (
  `id` int(11) NOT NULL AUTO_INCREMENT,
  `content` text,
  `status` enum('Pending','Published','Trash','Spam','PossibleSpam') DEFAULT 'Pending',
  `last_edit` datetime DEFAULT NULL,
  `created` datetime DEFAULT NULL,
  `blog_follower_id` int(11) NOT NULL,
  PRIMARY KEY (`id`)
) ENGINE=MyISAM AUTO_INCREMENT=2 DEFAULT CHARSET=latin1;



# Dump of table athena_2_Folders
# ------------------------------------------------------------

DROP TABLE IF EXISTS `athena_2_Folders`;

CREATE TABLE `athena_2_Folders` (
  `id` int(11) NOT NULL AUTO_INCREMENT,
  `name` varchar(255) DEFAULT 'Unamed Folder',
  PRIMARY KEY (`id`)
) ENGINE=MyISAM AUTO_INCREMENT=68 DEFAULT CHARSET=utf8;

LOCK TABLES `athena_2_Folders` WRITE;
/*!40000 ALTER TABLE `athena_2_Folders` DISABLE KEYS */;
INSERT INTO `athena_2_Folders` (`id`,`name`)
VALUES
	(2,'Reserved (Last 24 hours))'),
	(3,'Reserved (Last 7 days)'),
	(4,'Reserved (last 1 day)'),
	(5,'Reserved'),
	(6,'Reserved'),
	(7,'Reserved'),
	(8,'Reserved'),
	(9,'Reserved');

/*!40000 ALTER TABLE `athena_2_Folders` ENABLE KEYS */;
UNLOCK TABLES;


# Dump of table athena_2_GalleryMeta
# ------------------------------------------------------------

DROP TABLE IF EXISTS `athena_2_GalleryMeta`;

CREATE TABLE `athena_2_GalleryMeta` (
  `id` int(11) NOT NULL AUTO_INCREMENT,
  `page_id` bigint(20) DEFAULT NULL,
  `gallery_number` tinyint(2) DEFAULT '0',
  `title` varchar(255) DEFAULT NULL,
  `description` varchar(255) DEFAULT NULL,
  `image_id` bigint(20) DEFAULT NULL,
  `theme_para_id` bigint(20) DEFAULT NULL,
  PRIMARY KEY (`id`)
) ENGINE=MyISAM DEFAULT CHARSET=utf8;



# Dump of table athena_2_GalleryTable
# ------------------------------------------------------------

DROP TABLE IF EXISTS `athena_2_GalleryTable`;

CREATE TABLE `athena_2_GalleryTable` (
  `id` bigint(20) NOT NULL AUTO_INCREMENT,
  `image_id` bigint(20) DEFAULT NULL,
  `page_id` bigint(20) DEFAULT NULL,
  `slot_number` tinyint(3) DEFAULT NULL,
  `gallery_number` tinyint(2) DEFAULT '0',
  `theme_para_id` int(11) DEFAULT NULL,
  PRIMARY KEY (`id`)
) ENGINE=MyISAM DEFAULT CHARSET=latin1;



# Dump of table athena_2_GlobalParas
# ------------------------------------------------------------

DROP TABLE IF EXISTS `athena_2_GlobalParas`;

CREATE TABLE `athena_2_GlobalParas` (
  `id` bigint(20) NOT NULL AUTO_INCREMENT,
  `para_value` varchar(255) DEFAULT NULL,
  `theme_para_id` bigint(20) DEFAULT NULL,
  PRIMARY KEY (`id`)
) ENGINE=MyISAM DEFAULT CHARSET=utf8;



# Dump of table athena_2_Media
# ------------------------------------------------------------

DROP TABLE IF EXISTS `athena_2_Media`;

CREATE TABLE `athena_2_Media` (
  `id` bigint(20) NOT NULL AUTO_INCREMENT,
  `folder_id` int(11) DEFAULT '1',
  `filename` varchar(255) DEFAULT NULL,
  `mime_type` varchar(20) DEFAULT NULL,
  `file_size` int(11) DEFAULT NULL,
  `created` timestamp NULL DEFAULT NULL ON UPDATE CURRENT_TIMESTAMP,
  `title` text,
  `description` text,
  `tags` text,
  `width` int(9) DEFAULT NULL,
  `height` int(9) DEFAULT NULL,
  `thumb_filename` varchar(255) DEFAULT NULL,
  `thumb_width` int(9) DEFAULT NULL,
  `thumb_height` int(9) DEFAULT NULL,
  PRIMARY KEY (`id`)
) ENGINE=MyISAM DEFAULT CHARSET=utf8;



# Dump of table athena_2_PageParas
# ------------------------------------------------------------

DROP TABLE IF EXISTS `athena_2_PageParas`;

CREATE TABLE `athena_2_PageParas` (
  `id` bigint(20) NOT NULL AUTO_INCREMENT,
  `page_id` bigint(20) DEFAULT NULL,
  `theme_para_id` int(11) DEFAULT NULL,
  `para_value` varchar(255) DEFAULT NULL,
  PRIMARY KEY (`id`)
) ENGINE=MyISAM DEFAULT CHARSET=latin1;



# Dump of table athena_2_Pages
# ------------------------------------------------------------

DROP TABLE IF EXISTS `athena_2_Pages`;

CREATE TABLE `athena_2_Pages` (
  `id` int(11) NOT NULL AUTO_INCREMENT,
  `user_id` int(11) DEFAULT NULL,
  `content` text,
  `status` enum('Published','Draft','Private','Revision') DEFAULT 'Draft',
  `last_edit` datetime DEFAULT NULL,
  `parent_page_id` int(11) DEFAULT '0',
  `title` varchar(255) DEFAULT NULL,
  `slug` varchar(255) DEFAULT NULL,
  `path` varchar(255) DEFAULT NULL,
  `created` datetime DEFAULT NULL,
  `template` varchar(255) DEFAULT NULL,
  `is_homepage` tinyint(1) DEFAULT '0',
  `page_order` tinyint(3) DEFAULT '0',
  `is_blogpage` tinyint(1) DEFAULT '0',
  PRIMARY KEY (`id`)
) ENGINE=MyISAM AUTO_INCREMENT=9 DEFAULT CHARSET=latin1;



# Dump of table athena_2_PostCategories
# ------------------------------------------------------------

DROP TABLE IF EXISTS `athena_2_PostCategories`;

CREATE TABLE `athena_2_PostCategories` (
  `id` int(11) NOT NULL AUTO_INCREMENT,
  `category` varchar(255) DEFAULT NULL,
  PRIMARY KEY (`id`)
) ENGINE=MyISAM AUTO_INCREMENT=2 DEFAULT CHARSET=latin1;



# Dump of table athena_2_Posts
# ------------------------------------------------------------

DROP TABLE IF EXISTS `athena_2_Posts`;

CREATE TABLE `athena_2_Posts` (
  `id` int(11) NOT NULL AUTO_INCREMENT,
  `user_id` int(11) DEFAULT NULL,
  `content` text,
  `status` enum('Published','Draft','Private','Revision') DEFAULT 'Draft',
  `last_edit` datetime DEFAULT NULL,
  `created` datetime DEFAULT NULL,
  `title` varchar(255) DEFAULT NULL,
  `slug` varchar(255) DEFAULT NULL,
  `path` varchar(255) DEFAULT NULL,
  `canComment` tinyint(1) DEFAULT '1',
  PRIMARY KEY (`id`)
) ENGINE=MyISAM AUTO_INCREMENT=2 DEFAULT CHARSET=latin1;



# Dump of table athena_2_PostTags
# ------------------------------------------------------------

DROP TABLE IF EXISTS `athena_2_PostTags`;

CREATE TABLE `athena_2_PostTags` (
  `id` int(11) NOT NULL AUTO_INCREMENT,
  `tag` varchar(255) DEFAULT NULL,
  PRIMARY KEY (`id`)
) ENGINE=MyISAM AUTO_INCREMENT=2 DEFAULT CHARSET=latin1;



# Dump of table athena_2_PostToCategories
# ------------------------------------------------------------

DROP TABLE IF EXISTS `athena_2_PostToCategories`;

CREATE TABLE `athena_2_PostToCategories` (
  `id` int(11) NOT NULL AUTO_INCREMENT,
  `post_id` int(11) DEFAULT NULL,
  `category_id` int(11) DEFAULT NULL,
  PRIMARY KEY (`id`)
) ENGINE=MyISAM AUTO_INCREMENT=2 DEFAULT CHARSET=latin1;



# Dump of table athena_2_PostToTags
# ------------------------------------------------------------

DROP TABLE IF EXISTS `athena_2_PostToTags`;

CREATE TABLE `athena_2_PostToTags` (
  `id` int(11) NOT NULL AUTO_INCREMENT,
  `post_id` int(11) DEFAULT NULL,
  `tag_id` int(11) DEFAULT NULL,
  PRIMARY KEY (`id`)
) ENGINE=MyISAM AUTO_INCREMENT=2 DEFAULT CHARSET=latin1;



# Dump of table athena_3_Comments
# ------------------------------------------------------------

DROP TABLE IF EXISTS `athena_3_Comments`;

CREATE TABLE `athena_3_Comments` (
  `id` int(11) NOT NULL AUTO_INCREMENT,
  `content` text,
  `status` enum('Pending','Published','Trash','Spam','PossibleSpam') DEFAULT 'Pending',
  `last_edit` datetime DEFAULT NULL,
  `created` datetime DEFAULT NULL,
  `blog_follower_id` int(11) NOT NULL,
  PRIMARY KEY (`id`)
) ENGINE=MyISAM AUTO_INCREMENT=2 DEFAULT CHARSET=latin1;



# Dump of table athena_3_Folders
# ------------------------------------------------------------

DROP TABLE IF EXISTS `athena_3_Folders`;

CREATE TABLE `athena_3_Folders` (
  `id` int(11) NOT NULL AUTO_INCREMENT,
  `name` varchar(255) DEFAULT 'Unamed Folder',
  PRIMARY KEY (`id`)
) ENGINE=MyISAM AUTO_INCREMENT=68 DEFAULT CHARSET=utf8;

LOCK TABLES `athena_3_Folders` WRITE;
/*!40000 ALTER TABLE `athena_3_Folders` DISABLE KEYS */;
INSERT INTO `athena_3_Folders` (`id`,`name`)
VALUES
	(2,'Reserved (Last 24 hours))'),
	(3,'Reserved (Last 7 days)'),
	(4,'Reserved (last 1 day)'),
	(5,'Reserved'),
	(6,'Reserved'),
	(7,'Reserved'),
	(8,'Reserved'),
	(9,'Reserved');

/*!40000 ALTER TABLE `athena_3_Folders` ENABLE KEYS */;
UNLOCK TABLES;


# Dump of table athena_3_GalleryMeta
# ------------------------------------------------------------

DROP TABLE IF EXISTS `athena_3_GalleryMeta`;

CREATE TABLE `athena_3_GalleryMeta` (
  `id` int(11) NOT NULL AUTO_INCREMENT,
  `page_id` bigint(20) DEFAULT NULL,
  `gallery_number` tinyint(2) DEFAULT '0',
  `title` varchar(255) DEFAULT NULL,
  `description` varchar(255) DEFAULT NULL,
  `image_id` bigint(20) DEFAULT NULL,
  `theme_para_id` bigint(20) DEFAULT NULL,
  PRIMARY KEY (`id`)
) ENGINE=MyISAM DEFAULT CHARSET=utf8;



# Dump of table athena_3_GalleryTable
# ------------------------------------------------------------

DROP TABLE IF EXISTS `athena_3_GalleryTable`;

CREATE TABLE `athena_3_GalleryTable` (
  `id` bigint(20) NOT NULL AUTO_INCREMENT,
  `image_id` bigint(20) DEFAULT NULL,
  `page_id` bigint(20) DEFAULT NULL,
  `slot_number` tinyint(3) DEFAULT NULL,
  `gallery_number` tinyint(2) DEFAULT '0',
  `theme_para_id` int(11) DEFAULT NULL,
  PRIMARY KEY (`id`)
) ENGINE=MyISAM DEFAULT CHARSET=latin1;



# Dump of table athena_3_GlobalParas
# ------------------------------------------------------------

DROP TABLE IF EXISTS `athena_3_GlobalParas`;

CREATE TABLE `athena_3_GlobalParas` (
  `id` bigint(20) NOT NULL AUTO_INCREMENT,
  `para_value` varchar(255) DEFAULT NULL,
  `theme_para_id` bigint(20) DEFAULT NULL,
  PRIMARY KEY (`id`)
) ENGINE=MyISAM DEFAULT CHARSET=utf8;



# Dump of table athena_3_Media
# ------------------------------------------------------------

DROP TABLE IF EXISTS `athena_3_Media`;

CREATE TABLE `athena_3_Media` (
  `id` bigint(20) NOT NULL AUTO_INCREMENT,
  `folder_id` int(11) DEFAULT '1',
  `filename` varchar(255) DEFAULT NULL,
  `mime_type` varchar(20) DEFAULT NULL,
  `file_size` int(11) DEFAULT NULL,
  `created` timestamp NULL DEFAULT NULL ON UPDATE CURRENT_TIMESTAMP,
  `title` text,
  `description` text,
  `tags` text,
  `width` int(9) DEFAULT NULL,
  `height` int(9) DEFAULT NULL,
  `thumb_filename` varchar(255) DEFAULT NULL,
  `thumb_width` int(9) DEFAULT NULL,
  `thumb_height` int(9) DEFAULT NULL,
  PRIMARY KEY (`id`)
) ENGINE=MyISAM DEFAULT CHARSET=utf8;



# Dump of table athena_3_PageParas
# ------------------------------------------------------------

DROP TABLE IF EXISTS `athena_3_PageParas`;

CREATE TABLE `athena_3_PageParas` (
  `id` bigint(20) NOT NULL AUTO_INCREMENT,
  `page_id` bigint(20) DEFAULT NULL,
  `theme_para_id` int(11) DEFAULT NULL,
  `para_value` varchar(255) DEFAULT NULL,
  PRIMARY KEY (`id`)
) ENGINE=MyISAM DEFAULT CHARSET=latin1;



# Dump of table athena_3_Pages
# ------------------------------------------------------------

DROP TABLE IF EXISTS `athena_3_Pages`;

CREATE TABLE `athena_3_Pages` (
  `id` int(11) NOT NULL AUTO_INCREMENT,
  `user_id` int(11) DEFAULT NULL,
  `content` text,
  `status` enum('Published','Draft','Private','Revision') DEFAULT 'Draft',
  `last_edit` datetime DEFAULT NULL,
  `parent_page_id` int(11) DEFAULT '0',
  `title` varchar(255) DEFAULT NULL,
  `slug` varchar(255) DEFAULT NULL,
  `path` varchar(255) DEFAULT NULL,
  `created` datetime DEFAULT NULL,
  `template` varchar(255) DEFAULT NULL,
  `is_homepage` tinyint(1) DEFAULT '0',
  `page_order` tinyint(3) DEFAULT '0',
  `is_blogpage` tinyint(1) DEFAULT '0',
  PRIMARY KEY (`id`)
) ENGINE=MyISAM AUTO_INCREMENT=9 DEFAULT CHARSET=latin1;



# Dump of table athena_3_PostCategories
# ------------------------------------------------------------

DROP TABLE IF EXISTS `athena_3_PostCategories`;

CREATE TABLE `athena_3_PostCategories` (
  `id` int(11) NOT NULL AUTO_INCREMENT,
  `category` varchar(255) DEFAULT NULL,
  PRIMARY KEY (`id`)
) ENGINE=MyISAM AUTO_INCREMENT=2 DEFAULT CHARSET=latin1;



# Dump of table athena_3_Posts
# ------------------------------------------------------------

DROP TABLE IF EXISTS `athena_3_Posts`;

CREATE TABLE `athena_3_Posts` (
  `id` int(11) NOT NULL AUTO_INCREMENT,
  `user_id` int(11) DEFAULT NULL,
  `content` text,
  `status` enum('Published','Draft','Private','Revision') DEFAULT 'Draft',
  `last_edit` datetime DEFAULT NULL,
  `created` datetime DEFAULT NULL,
  `title` varchar(255) DEFAULT NULL,
  `slug` varchar(255) DEFAULT NULL,
  `path` varchar(255) DEFAULT NULL,
  `canComment` tinyint(1) DEFAULT '1',
  PRIMARY KEY (`id`)
) ENGINE=MyISAM AUTO_INCREMENT=2 DEFAULT CHARSET=latin1;



# Dump of table athena_3_PostTags
# ------------------------------------------------------------

DROP TABLE IF EXISTS `athena_3_PostTags`;

CREATE TABLE `athena_3_PostTags` (
  `id` int(11) NOT NULL AUTO_INCREMENT,
  `tag` varchar(255) DEFAULT NULL,
  PRIMARY KEY (`id`)
) ENGINE=MyISAM AUTO_INCREMENT=2 DEFAULT CHARSET=latin1;



# Dump of table athena_3_PostToCategories
# ------------------------------------------------------------

DROP TABLE IF EXISTS `athena_3_PostToCategories`;

CREATE TABLE `athena_3_PostToCategories` (
  `id` int(11) NOT NULL AUTO_INCREMENT,
  `post_id` int(11) DEFAULT NULL,
  `category_id` int(11) DEFAULT NULL,
  PRIMARY KEY (`id`)
) ENGINE=MyISAM AUTO_INCREMENT=2 DEFAULT CHARSET=latin1;



# Dump of table athena_3_PostToTags
# ------------------------------------------------------------

DROP TABLE IF EXISTS `athena_3_PostToTags`;

CREATE TABLE `athena_3_PostToTags` (
  `id` int(11) NOT NULL AUTO_INCREMENT,
  `post_id` int(11) DEFAULT NULL,
  `tag_id` int(11) DEFAULT NULL,
  PRIMARY KEY (`id`)
) ENGINE=MyISAM AUTO_INCREMENT=2 DEFAULT CHARSET=latin1;



# Dump of table athena_4_Comments
# ------------------------------------------------------------

DROP TABLE IF EXISTS `athena_4_Comments`;

CREATE TABLE `athena_4_Comments` (
  `id` int(11) NOT NULL AUTO_INCREMENT,
  `content` text,
  `status` enum('Pending','Published','Trash','Spam','PossibleSpam') DEFAULT 'Pending',
  `last_edit` datetime DEFAULT NULL,
  `created` datetime DEFAULT NULL,
  `blog_follower_id` int(11) NOT NULL,
  PRIMARY KEY (`id`)
) ENGINE=MyISAM AUTO_INCREMENT=2 DEFAULT CHARSET=latin1;



# Dump of table athena_4_Folders
# ------------------------------------------------------------

DROP TABLE IF EXISTS `athena_4_Folders`;

CREATE TABLE `athena_4_Folders` (
  `id` int(11) NOT NULL AUTO_INCREMENT,
  `name` varchar(255) DEFAULT 'Unamed Folder',
  PRIMARY KEY (`id`)
) ENGINE=MyISAM AUTO_INCREMENT=74 DEFAULT CHARSET=utf8;

LOCK TABLES `athena_4_Folders` WRITE;
/*!40000 ALTER TABLE `athena_4_Folders` DISABLE KEYS */;
INSERT INTO `athena_4_Folders` (`id`,`name`)
VALUES
	(2,'Reserved (Last 24 hours))'),
	(3,'Reserved (Last 7 days)'),
	(4,'Reserved (last 1 day)'),
	(5,'Reserved'),
	(6,'Reserved'),
	(7,'Reserved'),
	(8,'Reserved'),
	(9,'Reserved'),
	(68,'home'),
	(69,'information'),
	(70,'portraitlocations'),
	(71,'products'),
	(72,'portraits'),
	(73,'test');

/*!40000 ALTER TABLE `athena_4_Folders` ENABLE KEYS */;
UNLOCK TABLES;


# Dump of table athena_4_GalleryMeta
# ------------------------------------------------------------

DROP TABLE IF EXISTS `athena_4_GalleryMeta`;

CREATE TABLE `athena_4_GalleryMeta` (
  `id` int(11) NOT NULL AUTO_INCREMENT,
  `page_id` bigint(20) DEFAULT NULL,
  `gallery_number` tinyint(2) DEFAULT '0',
  `title` varchar(255) DEFAULT NULL,
  `description` varchar(255) DEFAULT NULL,
  `image_id` bigint(20) DEFAULT NULL,
  `theme_para_id` bigint(20) DEFAULT NULL,
  PRIMARY KEY (`id`)
) ENGINE=MyISAM DEFAULT CHARSET=utf8;



# Dump of table athena_4_GalleryTable
# ------------------------------------------------------------

DROP TABLE IF EXISTS `athena_4_GalleryTable`;

CREATE TABLE `athena_4_GalleryTable` (
  `id` bigint(20) NOT NULL AUTO_INCREMENT,
  `image_id` bigint(20) DEFAULT NULL,
  `page_id` bigint(20) DEFAULT NULL,
  `slot_number` tinyint(3) DEFAULT NULL,
  `gallery_number` tinyint(2) DEFAULT '0',
  `theme_para_id` int(11) DEFAULT NULL,
  PRIMARY KEY (`id`)
) ENGINE=MyISAM AUTO_INCREMENT=116 DEFAULT CHARSET=latin1;

LOCK TABLES `athena_4_GalleryTable` WRITE;
/*!40000 ALTER TABLE `athena_4_GalleryTable` DISABLE KEYS */;
INSERT INTO `athena_4_GalleryTable` (`id`,`image_id`,`page_id`,`slot_number`,`gallery_number`,`theme_para_id`)
VALUES
	(84,1,11,0,1,302),
	(79,26,9,44,1,303),
	(68,15,9,14,1,303),
	(61,8,9,7,1,303),
	(62,9,9,8,1,303),
	(70,17,9,18,1,303),
	(69,16,9,16,1,303),
	(91,18,9,17,1,303),
	(72,19,9,23,1,303),
	(74,21,9,35,1,303),
	(65,12,9,11,1,303),
	(67,14,9,13,1,303),
	(76,23,9,41,1,303),
	(24,1,9,0,1,303),
	(25,2,9,1,1,303),
	(26,3,9,2,1,303),
	(33,4,9,3,1,303),
	(34,5,9,4,1,303),
	(35,6,9,5,1,303),
	(37,7,9,6,1,303),
	(66,13,9,12,1,303),
	(73,20,9,31,1,303),
	(63,10,9,9,1,303),
	(80,27,9,46,1,303),
	(64,11,9,10,1,303),
	(77,24,9,42,1,303),
	(78,25,9,43,1,303),
	(81,28,9,52,1,303),
	(89,8,9,15,1,303),
	(75,22,9,40,1,303),
	(88,8,9,54,1,303),
	(85,2,11,1,1,302),
	(86,3,11,2,1,302),
	(90,9,9,19,1,303),
	(92,10,9,20,1,303),
	(93,11,9,21,1,303),
	(94,12,9,22,1,303),
	(95,14,9,24,1,303),
	(96,15,9,33,1,303),
	(97,17,9,27,1,303),
	(98,15,9,37,1,303),
	(99,15,9,39,1,303),
	(100,15,9,38,1,303),
	(101,15,9,36,1,303),
	(102,15,9,34,1,303),
	(103,15,9,32,1,303),
	(104,15,9,30,1,303),
	(105,15,9,26,1,303),
	(106,15,9,25,1,303),
	(107,13,9,28,1,303),
	(108,13,9,29,1,303),
	(109,13,9,53,1,303),
	(110,13,9,47,1,303),
	(111,13,9,48,1,303),
	(112,13,9,49,1,303),
	(113,13,9,50,1,303),
	(114,13,9,51,1,303),
	(115,13,9,45,1,303);

/*!40000 ALTER TABLE `athena_4_GalleryTable` ENABLE KEYS */;
UNLOCK TABLES;


# Dump of table athena_4_GlobalParas
# ------------------------------------------------------------

DROP TABLE IF EXISTS `athena_4_GlobalParas`;

CREATE TABLE `athena_4_GlobalParas` (
  `id` bigint(20) NOT NULL AUTO_INCREMENT,
  `para_value` varchar(255) DEFAULT NULL,
  `theme_para_id` bigint(20) DEFAULT NULL,
  PRIMARY KEY (`id`)
) ENGINE=MyISAM AUTO_INCREMENT=2 DEFAULT CHARSET=utf8;

LOCK TABLES `athena_4_GlobalParas` WRITE;
/*!40000 ALTER TABLE `athena_4_GlobalParas` DISABLE KEYS */;
INSERT INTO `athena_4_GlobalParas` (`id`,`para_value`,`theme_para_id`)
VALUES
	(1,'UA-534928-3',301);

/*!40000 ALTER TABLE `athena_4_GlobalParas` ENABLE KEYS */;
UNLOCK TABLES;


# Dump of table athena_4_Media
# ------------------------------------------------------------

DROP TABLE IF EXISTS `athena_4_Media`;

CREATE TABLE `athena_4_Media` (
  `id` bigint(20) NOT NULL AUTO_INCREMENT,
  `folder_id` int(11) DEFAULT '1',
  `filename` varchar(255) DEFAULT NULL,
  `mime_type` varchar(20) DEFAULT NULL,
  `file_size` int(11) DEFAULT NULL,
  `created` timestamp NULL DEFAULT NULL ON UPDATE CURRENT_TIMESTAMP,
  `title` text,
  `description` text,
  `tags` text,
  `width` int(9) DEFAULT NULL,
  `height` int(9) DEFAULT NULL,
  `thumb_filename` varchar(255) DEFAULT NULL,
  `thumb_width` int(9) DEFAULT NULL,
  `thumb_height` int(9) DEFAULT NULL,
  PRIMARY KEY (`id`)
) ENGINE=MyISAM AUTO_INCREMENT=304 DEFAULT CHARSET=utf8;

LOCK TABLES `athena_4_Media` WRITE;
/*!40000 ALTER TABLE `athena_4_Media` DISABLE KEYS */;
INSERT INTO `athena_4_Media` (`id`,`folder_id`,`filename`,`mime_type`,`file_size`,`created`,`title`,`description`,`tags`,`width`,`height`,`thumb_filename`,`thumb_width`,`thumb_height`)
VALUES
	(1,68,'intro01.jpg','image/jpeg',193833,'2010-08-11 20:50:52','intro_01.jpg','','',1260,800,'intro01_thumb.jpg',50,50),
	(2,68,'intro02.jpg','image/jpeg',174858,'2010-08-11 20:50:53','intro_02.jpg','','',1260,800,'intro02_thumb.jpg',50,50),
	(3,68,'intro03.jpg','image/jpeg',198904,'2010-08-11 20:50:53','intro_03.jpg','','',1260,800,'intro03_thumb.jpg',50,50),
	(4,68,'intro04.jpg','image/jpeg',167628,'2010-08-11 20:50:53','intro_04.jpg','','',1260,800,'intro04_thumb.jpg',50,50),
	(5,68,'intro05.jpg','image/jpeg',138222,'2010-08-11 20:50:53','intro_05.jpg','','',1260,800,'intro05_thumb.jpg',50,50),
	(6,68,'intro06.jpg','image/jpeg',117995,'2010-08-11 20:51:01','intro_06.jpg','','',1260,800,'intro06_thumb.jpg',50,50),
	(7,68,'intro07.jpg','image/jpeg',159482,'2010-08-11 20:51:01','intro_07.jpg','','',1260,800,'intro07_thumb.jpg',50,50),
	(8,68,'intro08.jpg','image/jpeg',131547,'2010-08-11 20:51:02','intro_08.jpg','','',1260,840,'intro08_thumb.jpg',50,50),
	(9,68,'intro09.jpg','image/jpeg',170500,'2010-08-11 20:51:02','intro_09.jpg','','',1260,800,'intro09_thumb.jpg',50,50),
	(10,68,'intro10.jpg','image/jpeg',136606,'2010-08-11 20:51:02','intro_10.jpg','','',1260,800,'intro10_thumb.jpg',50,50),
	(11,68,'intro11.jpg','image/jpeg',181283,'2010-08-11 20:51:02','intro_11.jpg','','',1260,800,'intro11_thumb.jpg',50,50),
	(12,68,'intro12.jpg','image/jpeg',167444,'2010-08-11 20:51:02','intro_12.jpg','','',1260,800,'intro12_thumb.jpg',50,50),
	(13,68,'intro13.jpg','image/jpeg',151707,'2010-08-11 20:51:03','intro_13.jpg','','',1260,800,'intro13_thumb.jpg',50,50),
	(14,68,'intro14.jpg','image/jpeg',165953,'2010-08-11 20:51:03','intro_14.jpg','','',1260,800,'intro14_thumb.jpg',50,50),
	(15,68,'intro15.jpg','image/jpeg',94604,'2010-08-11 20:51:03','intro_15.jpg','','',1260,800,'intro15_thumb.jpg',50,50),
	(16,68,'intro16.jpg','image/jpeg',197056,'2010-08-11 20:51:03','intro_16.jpg','','',1260,800,'intro16_thumb.jpg',50,50),
	(17,68,'intro17.jpg','image/jpeg',158170,'2010-08-11 20:51:03','intro_17.jpg','','',1260,800,'intro17_thumb.jpg',50,50),
	(18,68,'intro18.jpg','image/jpeg',167154,'2010-08-11 20:51:04','intro_18.jpg','','',1260,800,'intro18_thumb.jpg',50,50),
	(19,68,'intro19.jpg','image/jpeg',191870,'2010-08-11 20:51:04','intro_19.jpg','','',1260,800,'intro19_thumb.jpg',50,50),
	(20,68,'intro20.jpg','image/jpeg',239069,'2010-08-11 20:51:04','intro_20.jpg','','',1260,800,'intro20_thumb.jpg',50,50),
	(21,68,'intro21.jpg','image/jpeg',175167,'2010-08-11 20:51:04','intro_21.jpg','','',1260,800,'intro21_thumb.jpg',50,50),
	(22,68,'intro22.jpg','image/jpeg',174838,'2010-08-11 20:51:04','intro_22.jpg','','',1260,800,'intro22_thumb.jpg',50,50),
	(23,68,'intro23.jpg','image/jpeg',170592,'2010-08-11 20:51:04','intro_23.jpg','','',1260,800,'intro23_thumb.jpg',50,50),
	(24,68,'intro24.jpg','image/jpeg',153034,'2010-08-11 20:51:05','intro_24.jpg','','',1260,800,'intro24_thumb.jpg',50,50),
	(25,68,'intro25.jpg','image/jpeg',111709,'2010-08-11 20:51:05','intro_25.jpg','','',1280,800,'intro25_thumb.jpg',50,50),
	(26,68,'intro26.jpg','image/jpeg',306763,'2010-08-11 20:51:05','intro_26.jpg','','',1280,800,'intro26_thumb.jpg',50,50),
	(27,68,'intro27.jpg','image/jpeg',195623,'2010-08-11 20:51:05','intro_27.jpg','','',1260,800,'intro27_thumb.jpg',50,50),
	(28,68,'intro28.jpg','image/jpeg',146378,'2010-08-11 20:51:05','intro_28.jpg','','',1260,800,'intro28_thumb.jpg',50,50),
	(29,68,'intro29.jpg','image/jpeg',125793,'2010-08-11 20:51:06','intro_29.jpg','','',1260,800,'intro29_thumb.jpg',50,50),
	(30,68,'intro30.jpg','image/jpeg',134266,'2010-08-11 20:51:06','intro_30.jpg','','',1260,800,'intro30_thumb.jpg',50,50),
	(31,69,'aboutus01.jpg','image/jpeg',49831,'2010-08-14 23:47:43','aboutus_01.jpg','','',500,500,'aboutus01_thumb.jpg',50,50),
	(32,69,'aboutus02.jpg','image/jpeg',35953,'2010-08-14 23:47:43','aboutus_02.jpg','','',500,500,'aboutus02_thumb.jpg',50,50),
	(33,69,'aboutus03.jpg','image/jpeg',63184,'2010-08-14 23:47:43','aboutus_03.jpg','','',500,500,'aboutus03_thumb.jpg',50,50),
	(34,69,'aboutus04.jpg','image/jpeg',54253,'2010-08-14 23:47:43','aboutus_04.jpg','','',500,500,'aboutus04_thumb.jpg',50,50),
	(35,69,'aboutus05.jpg','image/jpeg',39997,'2010-08-14 23:47:43','aboutus_05.jpg','','',500,500,'aboutus05_thumb.jpg',50,50),
	(36,69,'aboutus06.jpg','image/jpeg',54618,'2010-08-14 23:47:43','aboutus_06.jpg','','',500,500,'aboutus06_thumb.jpg',50,50),
	(37,69,'aboutus07.jpg','image/jpeg',54246,'2010-08-14 23:47:43','aboutus_07.jpg','','',500,500,'aboutus07_thumb.jpg',50,50),
	(38,69,'aboutus08.jpg','image/jpeg',54821,'2010-08-14 23:47:44','aboutus_08.jpg','','',500,500,'aboutus08_thumb.jpg',50,50),
	(39,69,'aboutus09.jpg','image/jpeg',81284,'2010-08-14 23:47:44','aboutus_09.jpg','','',500,500,'aboutus09_thumb.jpg',50,50),
	(40,69,'planning.jpg','image/jpeg',62620,'2010-08-14 23:47:49','planning.jpg','','',500,500,'planning_thumb.jpg',50,50),
	(41,69,'portraittips.jpg','image/jpeg',97901,'2010-08-14 23:47:49','portraittips.jpg','','',500,500,'portraittips_thumb.jpg',50,50),
	(42,69,'weddingtips.jpg','image/jpeg',62620,'2010-08-14 23:47:49','weddingtips.jpg','','',500,500,'weddingtips_thumb.jpg',50,50),
	(43,69,'pricing.jpg','image/jpeg',51460,'2010-08-14 23:47:54','pricing.jpg','','',500,500,'pricing_thumb.jpg',50,50),
	(44,71,'cardsandgifts01.jpg','image/jpeg',41576,'2010-08-14 23:48:12','cardsandgifts_01.jpg','','',750,500,'cardsandgifts01_thumb.jpg',50,50),
	(45,71,'cardsandgifts02.jpg','image/jpeg',60954,'2010-08-14 23:48:13','cardsandgifts_02.jpg','','',750,500,'cardsandgifts02_thumb.jpg',50,50),
	(46,71,'cardsandgifts03.jpg','image/jpeg',57318,'2010-08-14 23:48:13','cardsandgifts_03.jpg','','',750,500,'cardsandgifts03_thumb.jpg',50,50),
	(47,71,'coffeetablebook01.jpg','image/jpeg',62235,'2010-08-14 23:48:13','coffeetablebook_01.jpg','','',750,500,'coffeetablebook01_thumb.jpg',50,50),
	(48,71,'coffeetablebook02.jpg','image/jpeg',57720,'2010-08-14 23:48:13','coffeetablebook_02.jpg','','',750,500,'coffeetablebook02_thumb.jpg',50,50),
	(49,71,'coffeetablebook03.jpg','image/jpeg',33565,'2010-08-14 23:48:13','coffeetablebook_03.jpg','','',750,500,'coffeetablebook03_thumb.jpg',50,50),
	(50,71,'coffeetablebook04.jpg','image/jpeg',54357,'2010-08-14 23:48:13','coffeetablebook_04.jpg','','',750,500,'coffeetablebook04_thumb.jpg',50,50),
	(51,71,'coffeetablebook05.jpg','image/jpeg',65578,'2010-08-14 23:48:13','coffeetablebook_05.jpg','','',750,500,'coffeetablebook05_thumb.jpg',50,50),
	(52,71,'coffeetablebook06.jpg','image/jpeg',45047,'2010-08-14 23:48:13','coffeetablebook_06.jpg','','',750,500,'coffeetablebook06_thumb.jpg',50,50),
	(53,71,'coffeetablebook07.jpg','image/jpeg',78770,'2010-08-14 23:48:14','coffeetablebook_07.jpg','','',750,500,'coffeetablebook07_thumb.jpg',50,50),
	(54,71,'coffeetablebook08.jpg','image/jpeg',79175,'2010-08-14 23:48:14','coffeetablebook_08.jpg','','',750,500,'coffeetablebook08_thumb.jpg',50,50),
	(55,71,'coffeetablebook09.jpg','image/jpeg',77200,'2010-08-14 23:48:14','coffeetablebook_09.jpg','','',750,500,'coffeetablebook09_thumb.jpg',50,50),
	(56,71,'coffeetablebook10.jpg','image/jpeg',75233,'2010-08-14 23:48:14','coffeetablebook_10.jpg','','',750,500,'coffeetablebook10_thumb.jpg',50,50),
	(57,71,'coffeetablebook11.jpg','image/jpeg',88807,'2010-08-14 23:48:14','coffeetablebook_11.jpg','','',750,500,'coffeetablebook11_thumb.jpg',50,50),
	(58,71,'coffeetablebook12.jpg','image/jpeg',79572,'2010-08-14 23:48:14','coffeetablebook_12.jpg','','',750,500,'coffeetablebook12_thumb.jpg',50,50),
	(59,71,'coffeetablebook13.jpg','image/jpeg',77602,'2010-08-14 23:48:15','coffeetablebook_13.jpg','','',750,500,'coffeetablebook13_thumb.jpg',50,50),
	(60,71,'coffeetablebook14.jpg','image/jpeg',70150,'2010-08-14 23:48:15','coffeetablebook_14.jpg','','',750,500,'coffeetablebook14_thumb.jpg',50,50),
	(61,71,'fineartbook01.jpg','image/jpeg',50566,'2010-08-14 23:48:15','fineartbook_01.jpg','','',750,500,'fineartbook01_thumb.jpg',50,50),
	(62,71,'fineartbook02.jpg','image/jpeg',59854,'2010-08-14 23:48:15','fineartbook_02.jpg','','',750,500,'fineartbook02_thumb.jpg',50,50),
	(63,71,'fineartbook03.jpg','image/jpeg',52587,'2010-08-14 23:48:15','fineartbook_03.jpg','','',750,500,'fineartbook03_thumb.jpg',50,50),
	(64,71,'fineartbook04.jpg','image/jpeg',54809,'2010-08-14 23:48:15','fineartbook_04.jpg','','',750,500,'fineartbook04_thumb.jpg',50,50),
	(65,71,'fineartbook05.jpg','image/jpeg',66832,'2010-08-14 23:48:15','fineartbook_05.jpg','','',750,500,'fineartbook05_thumb.jpg',50,50),
	(66,71,'fineartbook06.jpg','image/jpeg',48777,'2010-08-14 23:48:15','fineartbook_06.jpg','','',750,497,'fineartbook06_thumb.jpg',50,50),
	(67,71,'fineartbook07.jpg','image/jpeg',67154,'2010-08-14 23:48:16','fineartbook_07.jpg','','',750,500,'fineartbook07_thumb.jpg',50,50),
	(68,71,'fineartbook08.jpg','image/jpeg',56345,'2010-08-14 23:48:16','fineartbook_08.jpg','','',750,500,'fineartbook08_thumb.jpg',50,50),
	(69,71,'fineartbook09.jpg','image/jpeg',43131,'2010-08-14 23:48:16','fineartbook_09.jpg','','',750,500,'fineartbook09_thumb.jpg',50,50),
	(70,71,'fineartbook10.jpg','image/jpeg',43689,'2010-08-14 23:48:16','fineartbook_10.jpg','','',750,500,'fineartbook10_thumb.jpg',50,50),
	(71,71,'fineartbook11.jpg','image/jpeg',46387,'2010-08-14 23:48:16','fineartbook_11.jpg','','',750,500,'fineartbook11_thumb.jpg',50,50),
	(72,71,'flushmountalbum01.jpg','image/jpeg',46813,'2010-08-14 23:48:16','flushmountalbum_01.jpg','','',750,500,'flushmountalbum01_thumb.jpg',50,50),
	(73,71,'flushmountalbum02.jpg','image/jpeg',41084,'2010-08-14 23:48:16','flushmountalbum_02.jpg','','',750,500,'flushmountalbum02_thumb.jpg',50,50),
	(74,71,'flushmountalbum03.jpg','image/jpeg',57328,'2010-08-14 23:48:16','flushmountalbum_03.jpg','','',750,500,'flushmountalbum03_thumb.jpg',50,50),
	(75,71,'flushmountalbum04.jpg','image/jpeg',75453,'2010-08-14 23:48:17','flushmountalbum_04.jpg','','',750,500,'flushmountalbum04_thumb.jpg',50,50),
	(76,71,'flushmountalbum05.jpg','image/jpeg',41980,'2010-08-14 23:48:17','flushmountalbum_05.jpg','','',750,500,'flushmountalbum05_thumb.jpg',50,50),
	(77,71,'flushmountalbum06.jpg','image/jpeg',51205,'2010-08-14 23:48:17','flushmountalbum_06.jpg','','',750,500,'flushmountalbum06_thumb.jpg',50,50),
	(78,71,'flushmountalbum07.jpg','image/jpeg',40409,'2010-08-14 23:48:17','flushmountalbum_07.jpg','','',750,500,'flushmountalbum07_thumb.jpg',50,50),
	(79,71,'flushmountalbum08.jpg','image/jpeg',44257,'2010-08-14 23:48:17','flushmountalbum_08.jpg','','',750,500,'flushmountalbum08_thumb.jpg',50,50),
	(80,71,'flushmountalbum09.jpg','image/jpeg',61078,'2010-08-14 23:48:17','flushmountalbum_09.jpg','','',750,500,'flushmountalbum09_thumb.jpg',50,50),
	(81,71,'flushmountalbum10.jpg','image/jpeg',58978,'2010-08-14 23:48:17','flushmountalbum_10.jpg','','',750,500,'flushmountalbum10_thumb.jpg',50,50),
	(82,71,'flushmountalbum11.jpg','image/jpeg',49627,'2010-08-14 23:48:17','flushmountalbum_11.jpg','','',750,500,'flushmountalbum11_thumb.jpg',50,50),
	(83,71,'flushmountalbumcase02.jpg','image/jpeg',45686,'2010-08-14 23:48:18','flushmountalbumcase_02.jpg','','',750,500,'flushmountalbumcase02_thumb.jpg',50,50),
	(84,71,'flushmountalbumcase04.jpg','image/jpeg',54431,'2010-08-14 23:48:18','flushmountalbumcase_04.jpg','','',750,500,'flushmountalbumcase04_thumb.jpg',50,50),
	(85,71,'flushmountalbumcase05.jpg','image/jpeg',48043,'2010-08-14 23:48:18','flushmountalbumcase_05.jpg','','',750,500,'flushmountalbumcase05_thumb.jpg',50,50),
	(86,71,'giftcertificate.jpg','image/jpeg',60551,'2010-08-14 23:48:18','giftcertificate.jpg','','',750,500,'giftcertificate_thumb.jpg',50,50),
	(87,71,'giftcertificate02.jpg','image/jpeg',60952,'2010-08-14 23:48:18','giftcertificate02.jpg','','',750,500,'giftcertificate02_thumb.jpg',50,50),
	(88,71,'guestbook01.jpg','image/jpeg',56773,'2010-08-14 23:48:18','guestbook_01.jpg','','',750,500,'guestbook01_thumb.jpg',50,50),
	(89,71,'guestbook02.jpg','image/jpeg',61044,'2010-08-14 23:48:18','guestbook_02.jpg','','',750,500,'guestbook02_thumb.jpg',50,50),
	(90,71,'guestbook03.jpg','image/jpeg',51384,'2010-08-14 23:48:19','guestbook_03.jpg','','',750,500,'guestbook03_thumb.jpg',50,50),
	(91,71,'guestbook04.jpg','image/jpeg',37621,'2010-08-14 23:48:19','guestbook_04.jpg','','',750,500,'guestbook04_thumb.jpg',50,50),
	(92,71,'guestbook05.jpg','image/jpeg',60195,'2010-08-14 23:48:19','guestbook_05.jpg','','',750,500,'guestbook05_thumb.jpg',50,50),
	(93,71,'guestbook06.jpg','image/jpeg',68355,'2010-08-14 23:48:19','guestbook_06.jpg','','',750,500,'guestbook06_thumb.jpg',50,50),
	(94,71,'proofbook01.jpg','image/jpeg',53963,'2010-08-14 23:48:19','proofbook_01.jpg','','',750,500,'proofbook01_thumb.jpg',50,50),
	(95,71,'proofbook02.jpg','image/jpeg',63974,'2010-08-14 23:48:19','proofbook_02.jpg','','',750,500,'proofbook02_thumb.jpg',50,50),
	(96,71,'proofbook03.jpg','image/jpeg',64034,'2010-08-14 23:48:20','proofbook_03.jpg','','',750,500,'proofbook03_thumb.jpg',50,50),
	(97,71,'proofbook04.jpg','image/jpeg',44861,'2010-08-14 23:48:20','proofbook_04.jpg','','',750,500,'proofbook04_thumb.jpg',50,50),
	(98,72,'portraitsfamilies01.jpg','image/jpeg',145437,'2010-08-14 23:48:52','portraits_families_01.jpg','','',1200,800,'portraitsfamilies01_thumb.jpg',50,50),
	(99,72,'portraitsfamilies02.jpg','image/jpeg',194202,'2010-08-14 23:48:52','portraits_families_02.jpg','','',1200,800,'portraitsfamilies02_thumb.jpg',50,50),
	(100,72,'portraitsfamilies03.jpg','image/jpeg',148807,'2010-08-14 23:48:52','portraits_families_03.jpg','','',1080,800,'portraitsfamilies03_thumb.jpg',50,50),
	(101,72,'portraitsfamilies04.jpg','image/jpeg',152029,'2010-08-14 23:48:53','portraits_families_04.jpg','','',1200,800,'portraitsfamilies04_thumb.jpg',50,50),
	(102,72,'portraitsfamilies05.jpg','image/jpeg',155973,'2010-08-14 23:48:53','portraits_families_05.jpg','','',1200,800,'portraitsfamilies05_thumb.jpg',50,50),
	(103,72,'portraitsfamilies06.jpg','image/jpeg',140326,'2010-08-14 23:48:53','portraits_families_06.jpg','','',1200,800,'portraitsfamilies06_thumb.jpg',50,50),
	(104,72,'portraitsfamilies07.jpg','image/jpeg',174082,'2010-08-14 23:48:53','portraits_families_07.jpg','','',1200,800,'portraitsfamilies07_thumb.jpg',50,50),
	(105,72,'portraitsfamilies08.jpg','image/jpeg',166412,'2010-08-14 23:48:53','portraits_families_08.jpg','','',1200,800,'portraitsfamilies08_thumb.jpg',50,50),
	(106,72,'portraitsfamilies09.jpg','image/jpeg',153458,'2010-08-14 23:48:54','portraits_families_09.jpg','','',1200,800,'portraitsfamilies09_thumb.jpg',50,50),
	(107,72,'portraitsfamilies10.jpg','image/jpeg',112022,'2010-08-14 23:48:54','portraits_families_10.jpg','','',1200,800,'portraitsfamilies10_thumb.jpg',50,50),
	(108,72,'portraitsfamilies11.jpg','image/jpeg',170866,'2010-08-14 23:48:54','portraits_families_11.jpg','','',1200,800,'portraitsfamilies11_thumb.jpg',50,50),
	(109,72,'portraitsfamilies12.jpg','image/jpeg',92148,'2010-08-14 23:48:54','portraits_families_12.jpg','','',533,800,'portraitsfamilies12_thumb.jpg',50,50),
	(110,72,'portraitsfamilies13.jpg','image/jpeg',122835,'2010-08-14 23:48:55','portraits_families_13.jpg','','',1200,800,'portraitsfamilies13_thumb.jpg',50,50),
	(111,72,'portraitsfamilies14.jpg','image/jpeg',147708,'2010-08-14 23:48:55','portraits_families_14.jpg','','',540,800,'portraitsfamilies14_thumb.jpg',50,50),
	(112,72,'portraitsfamilies15.jpg','image/jpeg',175745,'2010-08-14 23:48:55','portraits_families_15.jpg','','',1200,800,'portraitsfamilies15_thumb.jpg',50,50),
	(113,72,'portraitsfamilies16.jpg','image/jpeg',154092,'2010-08-14 23:48:55','portraits_families_16.jpg','','',1200,800,'portraitsfamilies16_thumb.jpg',50,50),
	(114,72,'portraitsfamilies17.jpg','image/jpeg',160636,'2010-08-14 23:48:55','portraits_families_17.jpg','','',1200,800,'portraitsfamilies17_thumb.jpg',50,50),
	(115,72,'portraitsfamilies18.jpg','image/jpeg',256586,'2010-08-14 23:48:55','portraits_families_18.jpg','','',1200,800,'portraitsfamilies18_thumb.jpg',50,50),
	(116,72,'portraitsfamilies19.jpg','image/jpeg',96851,'2010-08-14 23:48:56','portraits_families_19.jpg','','',1200,800,'portraitsfamilies19_thumb.jpg',50,50),
	(117,72,'portraitsfamilies21.jpg','image/jpeg',157306,'2010-08-14 23:48:56','portraits_families_21.jpg','','',1200,800,'portraitsfamilies21_thumb.jpg',50,50),
	(118,72,'portraitsfamilies22.jpg','image/jpeg',137485,'2010-08-14 23:48:56','portraits_families_22.jpg','','',1200,800,'portraitsfamilies22_thumb.jpg',50,50),
	(119,72,'portraitsfamilies23.jpg','image/jpeg',96920,'2010-08-14 23:48:56','portraits_families_23.jpg','','',533,800,'portraitsfamilies23_thumb.jpg',50,50),
	(120,72,'portraitsfamilies24.jpg','image/jpeg',147380,'2010-08-14 23:48:56','portraits_families_24.jpg','','',1200,800,'portraitsfamilies24_thumb.jpg',50,50),
	(121,72,'portraitsfamilies25.jpg','image/jpeg',215260,'2010-08-14 23:48:56','portraits_families_25.jpg','','',1200,800,'portraitsfamilies25_thumb.jpg',50,50),
	(122,72,'portraitsfamilies26.jpg','image/jpeg',150061,'2010-08-14 23:48:57','portraits_families_26.jpg','','',1200,800,'portraitsfamilies26_thumb.jpg',50,50),
	(123,72,'portraitsfamilies27.jpg','image/jpeg',127324,'2010-08-14 23:48:57','portraits_families_27.jpg','','',1200,800,'portraitsfamilies27_thumb.jpg',50,50),
	(124,72,'portraitsfamilies28.jpg','image/jpeg',139483,'2010-08-14 23:48:57','portraits_families_28.jpg','','',1200,800,'portraitsfamilies28_thumb.jpg',50,50),
	(125,72,'portraitsfamilies29.jpg','image/jpeg',149085,'2010-08-14 23:48:57','portraits_families_29.jpg','','',1200,800,'portraitsfamilies29_thumb.jpg',50,50),
	(126,72,'portraitsfamilies30.jpg','image/jpeg',147636,'2010-08-14 23:48:58','portraits_families_30.jpg','','',1200,800,'portraitsfamilies30_thumb.jpg',50,50),
	(127,72,'portraitsfamilies31.jpg','image/jpeg',168370,'2010-08-14 23:48:58','portraits_families_31.jpg','','',1200,800,'portraitsfamilies31_thumb.jpg',50,50),
	(128,72,'portraitsfamilies32.jpg','image/jpeg',178864,'2010-08-14 23:48:58','portraits_families_32.jpg','','',533,800,'portraitsfamilies32_thumb.jpg',50,50),
	(129,72,'portraitsfamilies33.jpg','image/jpeg',166182,'2010-08-14 23:48:58','portraits_families_33.jpg','','',1200,800,'portraitsfamilies33_thumb.jpg',50,50),
	(130,72,'portraitsfamilies34.jpg','image/jpeg',217909,'2010-08-14 23:48:59','portraits_families_34.jpg','','',1200,800,'portraitsfamilies34_thumb.jpg',50,50),
	(131,72,'portraitsfamilies35.jpg','image/jpeg',154503,'2010-08-14 23:48:59','portraits_families_35.jpg','','',1200,800,'portraitsfamilies35_thumb.jpg',50,50),
	(132,72,'portraitsfamilies36.jpg','image/jpeg',163923,'2010-08-14 23:48:59','portraits_families_36.jpg','','',1200,800,'portraitsfamilies36_thumb.jpg',50,50),
	(133,72,'portraitsfamilies37.jpg','image/jpeg',113860,'2010-08-14 23:48:59','portraits_families_37.jpg','','',533,800,'portraitsfamilies37_thumb.jpg',50,50),
	(134,72,'portraitsfamilies38.jpg','image/jpeg',133665,'2010-08-14 23:48:59','portraits_families_38.jpg','','',1200,800,'portraitsfamilies38_thumb.jpg',50,50),
	(135,72,'portraitsfamilies39.jpg','image/jpeg',107009,'2010-08-14 23:49:00','portraits_families_39.jpg','','',628,800,'portraitsfamilies39_thumb.jpg',50,50),
	(136,72,'portraitsfamilies40.jpg','image/jpeg',145975,'2010-08-14 23:49:00','portraits_families_40.jpg','','',1200,800,'portraitsfamilies40_thumb.jpg',50,50),
	(137,72,'portraitsfamilies41.jpg','image/jpeg',148042,'2010-08-14 23:49:00','portraits_families_41.jpg','','',662,800,'portraitsfamilies41_thumb.jpg',50,50),
	(138,72,'portraitsfamilies42.jpg','image/jpeg',121659,'2010-08-14 23:49:00','portraits_families_42.jpg','','',1200,800,'portraitsfamilies42_thumb.jpg',50,50),
	(139,72,'portraitsfamilies43.jpg','image/jpeg',175810,'2010-08-14 23:49:01','portraits_families_43.jpg','','',1200,800,'portraitsfamilies43_thumb.jpg',50,50),
	(140,72,'portraitsfamilies44.jpg','image/jpeg',186329,'2010-08-14 23:49:01','portraits_families_44.jpg','','',1200,800,'portraitsfamilies44_thumb.jpg',50,50),
	(141,72,'portraitsfamilies45.jpg','image/jpeg',191876,'2010-08-14 23:49:01','portraits_families_45.jpg','','',1080,800,'portraitsfamilies45_thumb.jpg',50,50),
	(142,72,'portraitsfamilies46.jpg','image/jpeg',180462,'2010-08-14 23:49:01','portraits_families_46.jpg','','',1200,800,'portraitsfamilies46_thumb.jpg',50,50),
	(143,72,'portraitsfamilies48.jpg','image/jpeg',137553,'2010-08-14 23:49:02','portraits_families_48.jpg','','',1200,800,'portraitsfamilies48_thumb.jpg',50,50),
	(144,72,'portraitsfamilies49.jpg','image/jpeg',232230,'2010-08-14 23:49:02','portraits_families_49.jpg','','',1200,800,'portraitsfamilies49_thumb.jpg',50,50),
	(145,72,'portraitsfamilies50.jpg','image/jpeg',261731,'2010-08-14 23:49:02','portraits_families_50.jpg','','',1200,800,'portraitsfamilies50_thumb.jpg',50,50),
	(146,72,'portraitsfamilies51.jpg','image/jpeg',178846,'2010-08-14 23:49:02','portraits_families_51.jpg','','',1200,800,'portraitsfamilies51_thumb.jpg',50,50),
	(147,72,'portraitsfamilies52.jpg','image/jpeg',268274,'2010-08-14 23:49:03','portraits_families_52.jpg','','',1200,800,'portraitsfamilies52_thumb.jpg',50,50),
	(148,72,'portraitsfamilies53.jpg','image/jpeg',217276,'2010-08-14 23:49:03','portraits_families_53.jpg','','',1200,800,'portraitsfamilies53_thumb.jpg',50,50),
	(149,72,'portraitsfamilies54.jpg','image/jpeg',125574,'2010-08-14 23:49:03','portraits_families_54.jpg','','',492,800,'portraitsfamilies54_thumb.jpg',50,50),
	(150,72,'portraitsfamilies55.jpg','image/jpeg',139002,'2010-08-14 23:49:03','portraits_families_55.jpg','','',1200,800,'portraitsfamilies55_thumb.jpg',50,50),
	(151,72,'portraitsindividuals01.jpg','image/jpeg',125423,'2010-08-14 23:49:03','portraits_individuals_01.jpg','','',1200,800,'portraitsindividuals01_thumb.jpg',50,50),
	(152,72,'portraitsindividuals02.jpg','image/jpeg',90469,'2010-08-14 23:49:04','portraits_individuals_02.jpg','','',578,800,'portraitsindividuals02_thumb.jpg',50,50),
	(153,72,'portraitsindividuals03.jpg','image/jpeg',114218,'2010-08-14 23:49:04','portraits_individuals_03.jpg','','',1200,800,'portraitsindividuals03_thumb.jpg',50,50),
	(154,72,'portraitsindividuals04.jpg','image/jpeg',111246,'2010-08-14 23:49:04','portraits_individuals_04.jpg','','',1200,800,'portraitsindividuals04_thumb.jpg',50,50),
	(155,72,'portraitsindividuals05.jpg','image/jpeg',124226,'2010-08-14 23:49:04','portraits_individuals_05.jpg','','',533,800,'portraitsindividuals05_thumb.jpg',50,50),
	(156,72,'portraitsindividuals06.jpg','image/jpeg',174953,'2010-08-14 23:49:05','portraits_individuals_06.jpg','','',1200,800,'portraitsindividuals06_thumb.jpg',50,50),
	(157,72,'portraitsindividuals07.jpg','image/jpeg',109397,'2010-08-14 23:49:05','portraits_individuals_07.jpg','','',1200,800,'portraitsindividuals07_thumb.jpg',50,50),
	(158,72,'portraitsindividuals08.jpg','image/jpeg',142925,'2010-08-14 23:49:05','portraits_individuals_08.jpg','','',1200,800,'portraitsindividuals08_thumb.jpg',50,50),
	(159,72,'portraitsindividuals09.jpg','image/jpeg',130664,'2010-08-14 23:49:05','portraits_individuals_09.jpg','','',1200,800,'portraitsindividuals09_thumb.jpg',50,50),
	(160,72,'portraitsindividuals10.jpg','image/jpeg',140422,'2010-08-14 23:49:05','portraits_individuals_10.jpg','','',533,800,'portraitsindividuals10_thumb.jpg',50,50),
	(161,72,'portraitsindividuals11.jpg','image/jpeg',104620,'2010-08-14 23:49:06','portraits_individuals_11.jpg','','',533,800,'portraitsindividuals11_thumb.jpg',50,50),
	(162,72,'portraitsindividuals12.jpg','image/jpeg',68165,'2010-08-14 23:49:06','portraits_individuals_12.jpg','','',533,800,'portraitsindividuals12_thumb.jpg',50,50),
	(163,72,'portraitsindividuals13.jpg','image/jpeg',168981,'2010-08-14 23:49:06','portraits_individuals_13.jpg','','',533,800,'portraitsindividuals13_thumb.jpg',50,50),
	(164,72,'portraitsindividuals14.jpg','image/jpeg',96669,'2010-08-14 23:49:06','portraits_individuals_14.jpg','','',533,800,'portraitsindividuals14_thumb.jpg',50,50),
	(165,72,'portraitsindividuals15.jpg','image/jpeg',82703,'2010-08-14 23:49:06','portraits_individuals_15.jpg','','',533,800,'portraitsindividuals15_thumb.jpg',50,50),
	(166,72,'portraitsindividuals16.jpg','image/jpeg',122874,'2010-08-14 23:49:07','portraits_individuals_16.jpg','','',1200,800,'portraitsindividuals16_thumb.jpg',50,50),
	(167,72,'portraitsindividuals17.jpg','image/jpeg',275299,'2010-08-14 23:49:07','portraits_individuals_17.jpg','','',1200,800,'portraitsindividuals17_thumb.jpg',50,50),
	(168,72,'portraitsindividuals18.jpg','image/jpeg',135501,'2010-08-14 23:49:07','portraits_individuals_18.jpg','','',1200,800,'portraitsindividuals18_thumb.jpg',50,50),
	(169,72,'portraitsindividuals19.jpg','image/jpeg',138300,'2010-08-14 23:49:07','portraits_individuals_19.jpg','','',1200,800,'portraitsindividuals19_thumb.jpg',50,50),
	(170,72,'portraitsindividuals20.jpg','image/jpeg',142130,'2010-08-14 23:49:08','portraits_individuals_20.jpg','','',1080,800,'portraitsindividuals20_thumb.jpg',50,50),
	(171,72,'portraitsindividuals21.jpg','image/jpeg',284996,'2010-08-14 23:49:08','portraits_individuals_21.jpg','','',1200,800,'portraitsindividuals21_thumb.jpg',50,50),
	(172,72,'portraitsindividuals22.jpg','image/jpeg',124118,'2010-08-14 23:49:08','portraits_individuals_22.jpg','','',1200,800,'portraitsindividuals22_thumb.jpg',50,50),
	(173,72,'portraitsindividuals23.jpg','image/jpeg',164605,'2010-08-14 23:49:08','portraits_individuals_23.jpg','','',1200,800,'portraitsindividuals23_thumb.jpg',50,50),
	(174,72,'portraitsindividuals24.jpg','image/jpeg',95063,'2010-08-14 23:49:09','portraits_individuals_24.jpg','','',533,800,'portraitsindividuals24_thumb.jpg',50,50),
	(175,72,'portraitsindividuals25.jpg','image/jpeg',145685,'2010-08-14 23:49:09','portraits_individuals_25.jpg','','',1200,800,'portraitsindividuals25_thumb.jpg',50,50),
	(176,72,'portraitsindividuals26.jpg','image/jpeg',140138,'2010-08-14 23:49:09','portraits_individuals_26.jpg','','',1200,800,'portraitsindividuals26_thumb.jpg',50,50),
	(177,72,'portraitsindividuals27.jpg','image/jpeg',132964,'2010-08-14 23:49:09','portraits_individuals_27.jpg','','',1200,800,'portraitsindividuals27_thumb.jpg',50,50),
	(178,72,'portraitsindividuals28.jpg','image/jpeg',202624,'2010-08-14 23:49:10','portraits_individuals_28.jpg','','',1200,595,'portraitsindividuals28_thumb.jpg',50,50),
	(179,72,'portraitsindividuals29.jpg','image/jpeg',98490,'2010-08-14 23:49:10','portraits_individuals_29.jpg','','',533,800,'portraitsindividuals29_thumb.jpg',50,50),
	(180,72,'portraitskids01.jpg','image/jpeg',219087,'2010-08-14 23:49:10','portraits_kids_01.jpg','','',1200,800,'portraitskids01_thumb.jpg',50,50),
	(181,72,'portraitskids02.jpg','image/jpeg',124070,'2010-08-14 23:49:10','portraits_kids_02.jpg','','',1200,800,'portraitskids02_thumb.jpg',50,50),
	(182,72,'portraitskids03.jpg','image/jpeg',142758,'2010-08-14 23:49:10','portraits_kids_03.jpg','','',1200,800,'portraitskids03_thumb.jpg',50,50),
	(183,72,'portraitskids04.jpg','image/jpeg',188775,'2010-08-14 23:49:11','portraits_kids_04.jpg','','',1200,800,'portraitskids04_thumb.jpg',50,50),
	(184,72,'portraitskids05.jpg','image/jpeg',97023,'2010-08-14 23:49:11','portraits_kids_05.jpg','','',533,800,'portraitskids05_thumb.jpg',50,50),
	(185,72,'portraitskids06.jpg','image/jpeg',113135,'2010-08-14 23:49:11','portraits_kids_06.jpg','','',533,800,'portraitskids06_thumb.jpg',50,50),
	(186,72,'portraitskids07.jpg','image/jpeg',90202,'2010-08-14 23:49:11','portraits_kids_07.jpg','','',533,800,'portraitskids07_thumb.jpg',50,50),
	(187,72,'portraitskids08.jpg','image/jpeg',180340,'2010-08-14 23:49:11','portraits_kids_08.jpg','','',1200,800,'portraitskids08_thumb.jpg',50,50),
	(188,72,'portraitskids09.jpg','image/jpeg',91391,'2010-08-14 23:49:12','portraits_kids_09.jpg','','',533,800,'portraitskids09_thumb.jpg',50,50),
	(189,72,'portraitskids10.jpg','image/jpeg',113430,'2010-08-14 23:49:12','portraits_kids_10.jpg','','',1200,800,'portraitskids10_thumb.jpg',50,50),
	(190,72,'portraitskids11.jpg','image/jpeg',164219,'2010-08-14 23:49:12','portraits_kids_11.jpg','','',1200,800,'portraitskids11_thumb.jpg',50,50),
	(191,72,'portraitskids12.jpg','image/jpeg',129636,'2010-08-14 23:49:12','portraits_kids_12.jpg','','',1200,800,'portraitskids12_thumb.jpg',50,50),
	(192,72,'portraitskids13.jpg','image/jpeg',143488,'2010-08-14 23:49:13','portraits_kids_13.jpg','','',1200,800,'portraitskids13_thumb.jpg',50,50),
	(193,72,'portraitskids14.jpg','image/jpeg',141275,'2010-08-14 23:49:13','portraits_kids_14.jpg','','',1200,800,'portraitskids14_thumb.jpg',50,50),
	(194,72,'portraitskids15.jpg','image/jpeg',169145,'2010-08-14 23:49:13','portraits_kids_15.jpg','','',1200,800,'portraitskids15_thumb.jpg',50,50),
	(195,72,'portraitskids16.jpg','image/jpeg',129644,'2010-08-14 23:49:13','portraits_kids_16.jpg','','',1200,800,'portraitskids16_thumb.jpg',50,50),
	(196,72,'portraitskids17.jpg','image/jpeg',156318,'2010-08-14 23:49:14','portraits_kids_17.jpg','','',1200,800,'portraitskids17_thumb.jpg',50,50),
	(197,72,'portraitskids18.jpg','image/jpeg',183575,'2010-08-14 23:49:14','portraits_kids_18.jpg','','',1200,800,'portraitskids18_thumb.jpg',50,50),
	(198,72,'portraitskids19.jpg','image/jpeg',170116,'2010-08-14 23:49:14','portraits_kids_19.jpg','','',1200,430,'portraitskids19_thumb.jpg',50,50),
	(199,72,'portraitskids20.jpg','image/jpeg',91888,'2010-08-14 23:49:14','portraits_kids_20.jpg','','',533,800,'portraitskids20_thumb.jpg',50,50),
	(200,72,'portraitskids21.jpg','image/jpeg',108664,'2010-08-14 23:49:14','portraits_kids_21.jpg','','',1200,800,'portraitskids21_thumb.jpg',50,50),
	(201,72,'portraitskids22.jpg','image/jpeg',134182,'2010-08-14 23:49:15','portraits_kids_22.jpg','','',1200,800,'portraitskids22_thumb.jpg',50,50),
	(202,72,'portraitskids23.jpg','image/jpeg',95874,'2010-08-14 23:49:15','portraits_kids_23.jpg','','',533,800,'portraitskids23_thumb.jpg',50,50),
	(203,72,'portraitskids24.jpg','image/jpeg',117573,'2010-08-14 23:49:15','portraits_kids_24.jpg','','',1080,800,'portraitskids24_thumb.jpg',50,50),
	(204,72,'portraitskids25.jpg','image/jpeg',176394,'2010-08-14 23:49:15','portraits_kids_25.jpg','','',1051,800,'portraitskids25_thumb.jpg',50,50),
	(205,72,'portraitskids26.jpg','image/jpeg',114051,'2010-08-14 23:49:15','portraits_kids_26.jpg','','',1200,800,'portraitskids26_thumb.jpg',50,50),
	(206,72,'portraitskids27.jpg','image/jpeg',109277,'2010-08-14 23:49:16','portraits_kids_27.jpg','','',1200,800,'portraitskids27_thumb.jpg',50,50),
	(207,72,'portraitskids28.jpg','image/jpeg',166564,'2010-08-14 23:49:16','portraits_kids_28.jpg','','',1200,800,'portraitskids28_thumb.jpg',50,50),
	(208,72,'portraitskids29.jpg','image/jpeg',113302,'2010-08-14 23:49:16','portraits_kids_29.jpg','','',1200,800,'portraitskids29_thumb.jpg',50,50),
	(209,72,'portraitskids30.jpg','image/jpeg',101979,'2010-08-14 23:49:16','portraits_kids_30.jpg','','',1200,800,'portraitskids30_thumb.jpg',50,50),
	(210,72,'portraitskids31.jpg','image/jpeg',117568,'2010-08-14 23:49:17','portraits_kids_31.jpg','','',533,800,'portraitskids31_thumb.jpg',50,50),
	(211,72,'portraitskids32.jpg','image/jpeg',159843,'2010-08-14 23:49:17','portraits_kids_32.jpg','','',1200,800,'portraitskids32_thumb.jpg',50,50),
	(212,72,'portraitskids33.jpg','image/jpeg',152564,'2010-08-14 23:49:17','portraits_kids_33.jpg','','',1200,800,'portraitskids33_thumb.jpg',50,50),
	(213,72,'portraitskids34.jpg','image/jpeg',120976,'2010-08-14 23:49:17','portraits_kids_34.jpg','','',533,800,'portraitskids34_thumb.jpg',50,50),
	(214,72,'portraitskids35.jpg','image/jpeg',116720,'2010-08-14 23:49:18','portraits_kids_35.jpg','','',1200,800,'portraitskids35_thumb.jpg',50,50),
	(215,72,'portraitskids36.jpg','image/jpeg',95874,'2010-08-14 23:49:18','portraits_kids_36.jpg','','',533,800,'portraitskids36_thumb.jpg',50,50),
	(216,72,'portraitskids37.jpg','image/jpeg',131657,'2010-08-14 23:49:18','portraits_kids_37.jpg','','',1200,800,'portraitskids37_thumb.jpg',50,50),
	(217,72,'portraitskids38.jpg','image/jpeg',164405,'2010-08-14 23:49:18','portraits_kids_38.jpg','','',1200,800,'portraitskids38_thumb.jpg',50,50),
	(218,72,'portraitskids39.jpg','image/jpeg',115244,'2010-08-14 23:49:18','portraits_kids_39.jpg','','',533,800,'portraitskids39_thumb.jpg',50,50),
	(219,72,'portraitskids40.jpg','image/jpeg',93955,'2010-08-14 23:49:19','portraits_kids_40.jpg','','',1200,800,'portraitskids40_thumb.jpg',50,50),
	(220,72,'portraitskids41.jpg','image/jpeg',170552,'2010-08-14 23:49:19','portraits_kids_41.jpg','','',1200,800,'portraitskids41_thumb.jpg',50,50),
	(221,72,'portraitskids42.jpg','image/jpeg',169180,'2010-08-14 23:49:19','portraits_kids_42.jpg','','',1200,800,'portraitskids42_thumb.jpg',50,50),
	(222,72,'portraitskids43.jpg','image/jpeg',133411,'2010-08-14 23:49:20','portraits_kids_43.jpg','','',1200,800,'portraitskids43_thumb.jpg',50,50),
	(223,72,'portraitskids45.jpg','image/jpeg',77913,'2010-08-14 23:49:20','portraits_kids_45.jpg','','',533,800,'portraitskids45_thumb.jpg',50,50),
	(224,72,'portraitskids46.jpg','image/jpeg',121029,'2010-08-14 23:49:20','portraits_kids_46.jpg','','',1200,800,'portraitskids46_thumb.jpg',50,50),
	(225,72,'portraitskids47.jpg','image/jpeg',295381,'2010-08-14 23:49:20','portraits_kids_47.jpg','','',1200,800,'portraitskids47_thumb.jpg',50,50),
	(226,72,'portraitskids48.jpg','image/jpeg',165659,'2010-08-14 23:49:20','portraits_kids_48.jpg','','',1200,800,'portraitskids48_thumb.jpg',50,50),
	(227,72,'portraitskids49.jpg','image/jpeg',109773,'2010-08-14 23:49:21','portraits_kids_49.jpg','','',1200,800,'portraitskids49_thumb.jpg',50,50),
	(228,72,'portraitskids50.jpg','image/jpeg',274009,'2010-08-14 23:49:21','portraits_kids_50.jpg','','',1200,800,'portraitskids50_thumb.jpg',50,50),
	(229,72,'portraitskids51.jpg','image/jpeg',123086,'2010-08-14 23:49:21','portraits_kids_51.jpg','','',1200,800,'portraitskids51_thumb.jpg',50,50),
	(230,72,'portraitskids52.jpg','image/jpeg',166770,'2010-08-14 23:49:21','portraits_kids_52.jpg','','',1200,800,'portraitskids52_thumb.jpg',50,50),
	(231,72,'portraitspets01.jpg','image/jpeg',181317,'2010-08-14 23:49:21','portraits_pets_01.jpg','','',1200,800,'portraitspets01_thumb.jpg',50,50),
	(232,72,'portraitspets02.jpg','image/jpeg',132400,'2010-08-14 23:49:22','portraits_pets_02.jpg','','',1080,800,'portraitspets02_thumb.jpg',50,50),
	(233,72,'portraitspets03.jpg','image/jpeg',174452,'2010-08-14 23:49:22','portraits_pets_03.jpg','','',1200,800,'portraitspets03_thumb.jpg',50,50),
	(234,72,'portraitspets04.jpg','image/jpeg',124021,'2010-08-14 23:49:22','portraits_pets_04.jpg','','',1200,800,'portraitspets04_thumb.jpg',50,50),
	(235,72,'portraitspets05.jpg','image/jpeg',108116,'2010-08-14 23:49:22','portraits_pets_05.jpg','','',533,800,'portraitspets05_thumb.jpg',50,50),
	(236,72,'portraitspets06.jpg','image/jpeg',139442,'2010-08-14 23:49:23','portraits_pets_06.jpg','','',1200,800,'portraitspets06_thumb.jpg',50,50),
	(237,72,'portraitspets07.jpg','image/jpeg',157189,'2010-08-14 23:49:23','portraits_pets_07.jpg','','',1200,800,'portraitspets07_thumb.jpg',50,50),
	(238,72,'portraitspets08.jpg','image/jpeg',135640,'2010-08-14 23:49:23','portraits_pets_08.jpg','','',1080,800,'portraitspets08_thumb.jpg',50,50),
	(239,72,'portraitspets09.jpg','image/jpeg',173187,'2010-08-14 23:49:23','portraits_pets_09.jpg','','',1200,800,'portraitspets09_thumb.jpg',50,50),
	(240,72,'portraitspets10.jpg','image/jpeg',119180,'2010-08-14 23:49:23','portraits_pets_10.jpg','','',1080,800,'portraitspets10_thumb.jpg',50,50),
	(241,72,'portraitspets11.jpg','image/jpeg',164009,'2010-08-14 23:49:24','portraits_pets_11.jpg','','',1200,800,'portraitspets11_thumb.jpg',50,50),
	(242,72,'portraitspets12.jpg','image/jpeg',85101,'2010-08-14 23:49:24','portraits_pets_12.jpg','','',533,800,'portraitspets12_thumb.jpg',50,50),
	(243,72,'portraitspets13.jpg','image/jpeg',170017,'2010-08-14 23:49:24','portraits_pets_13.jpg','','',1200,800,'portraitspets13_thumb.jpg',50,50),
	(244,72,'portraitspets14.jpg','image/jpeg',161087,'2010-08-14 23:49:24','portraits_pets_14.jpg','','',533,800,'portraitspets14_thumb.jpg',50,50),
	(245,72,'portraitspets15.jpg','image/jpeg',133174,'2010-08-14 23:49:25','portraits_pets_15.jpg','','',1080,800,'portraitspets15_thumb.jpg',50,50),
	(246,72,'portraitspets16.jpg','image/jpeg',175915,'2010-08-14 23:49:25','portraits_pets_16.jpg','','',1200,800,'portraitspets16_thumb.jpg',50,50),
	(247,72,'portraitspets17.jpg','image/jpeg',94219,'2010-08-14 23:49:25','portraits_pets_17.jpg','','',533,800,'portraitspets17_thumb.jpg',50,50),
	(248,72,'portraitspets18.jpg','image/jpeg',144226,'2010-08-14 23:49:25','portraits_pets_18.jpg','','',1080,800,'portraitspets18_thumb.jpg',50,50),
	(249,72,'portraitspets19.jpg','image/jpeg',114985,'2010-08-14 23:49:25','portraits_pets_19.jpg','','',536,800,'portraitspets19_thumb.jpg',50,50),
	(250,72,'portraitspets20.jpg','image/jpeg',165262,'2010-08-14 23:49:26','portraits_pets_20.jpg','','',1200,800,'portraitspets20_thumb.jpg',50,50),
	(251,72,'portraitspets21.jpg','image/jpeg',125047,'2010-08-14 23:49:26','portraits_pets_21.jpg','','',1200,800,'portraitspets21_thumb.jpg',50,50),
	(252,72,'portraitspets22.jpg','image/jpeg',142089,'2010-08-14 23:49:26','portraits_pets_22.jpg','','',1200,800,'portraitspets22_thumb.jpg',50,50),
	(253,72,'portraitspets23.jpg','image/jpeg',105184,'2010-08-14 23:49:26','portraits_pets_23.jpg','','',533,800,'portraitspets23_thumb.jpg',50,50),
	(254,72,'portraitspets24.jpg','image/jpeg',188976,'2010-08-14 23:49:27','portraits_pets_24.jpg','','',1200,800,'portraitspets24_thumb.jpg',50,50),
	(255,72,'portraitspets25.jpg','image/jpeg',109867,'2010-08-14 23:49:27','portraits_pets_25.jpg','','',1200,800,'portraitspets25_thumb.jpg',50,50),
	(256,72,'portraitspets26.jpg','image/jpeg',189577,'2010-08-14 23:49:27','portraits_pets_26.jpg','','',1200,800,'portraitspets26_thumb.jpg',50,50),
	(257,72,'portraitspets27.jpg','image/jpeg',124108,'2010-08-14 23:49:27','portraits_pets_27.jpg','','',1200,800,'portraitspets27_thumb.jpg',50,50),
	(258,72,'portraitspets28.jpg','image/jpeg',166968,'2010-08-14 23:49:27','portraits_pets_28.jpg','','',1200,800,'portraitspets28_thumb.jpg',50,50),
	(259,72,'portraitspets29.jpg','image/jpeg',349222,'2010-08-14 23:49:28','portraits_pets_29.jpg','','',1200,800,'portraitspets29_thumb.jpg',50,50),
	(260,72,'portraitsseniors001.jpg','image/jpeg',130664,'2010-08-14 23:49:28','portraits_seniors_001.jpg','','',1200,800,'portraitsseniors001_thumb.jpg',50,50),
	(261,72,'portraitsseniors002.jpg','image/jpeg',133664,'2010-08-14 23:49:28','portraits_seniors_002.jpg','','',1200,800,'portraitsseniors002_thumb.jpg',50,50),
	(262,72,'portraitsseniors003.jpg','image/jpeg',168981,'2010-08-14 23:49:28','portraits_seniors_003.jpg','','',533,800,'portraitsseniors003_thumb.jpg',50,50),
	(263,72,'portraitsseniors004.jpg','image/jpeg',161382,'2010-08-14 23:49:29','portraits_seniors_004.jpg','','',1200,800,'portraitsseniors004_thumb.jpg',50,50),
	(264,72,'portraitsseniors005.jpg','image/jpeg',142925,'2010-08-14 23:49:29','portraits_seniors_005.jpg','','',1200,800,'portraitsseniors005_thumb.jpg',50,50),
	(265,72,'portraitsseniors006.jpg','image/jpeg',185886,'2010-08-14 23:49:29','portraits_seniors_006.jpg','','',1200,800,'portraitsseniors006_thumb.jpg',50,50),
	(266,72,'portraitsseniors007.jpg','image/jpeg',197361,'2010-08-14 23:49:29','portraits_seniors_007.jpg','','',1200,800,'portraitsseniors007_thumb.jpg',50,50),
	(267,72,'portraitsseniors008.jpg','image/jpeg',132603,'2010-08-14 23:49:30','portraits_seniors_008.jpg','','',1200,800,'portraitsseniors008_thumb.jpg',50,50),
	(268,72,'portraitsseniors009.jpg','image/jpeg',146469,'2010-08-14 23:49:30','portraits_seniors_009.jpg','','',533,800,'portraitsseniors009_thumb.jpg',50,50),
	(269,72,'portraitsseniors010.jpg','image/jpeg',232721,'2010-08-14 23:49:30','portraits_seniors_010.jpg','','',1200,800,'portraitsseniors010_thumb.jpg',50,50),
	(270,72,'portraitsseniors011.jpg','image/jpeg',96669,'2010-08-14 23:49:30','portraits_seniors_011.jpg','','',533,800,'portraitsseniors011_thumb.jpg',50,50),
	(271,72,'portraitsseniors012.jpg','image/jpeg',99250,'2010-08-14 23:49:30','portraits_seniors_012.jpg','','',1200,800,'portraitsseniors012_thumb.jpg',50,50),
	(272,72,'portraitsseniors013.jpg','image/jpeg',82703,'2010-08-14 23:49:31','portraits_seniors_013.jpg','','',533,800,'portraitsseniors013_thumb.jpg',50,50),
	(273,72,'portraitsseniors014.jpg','image/jpeg',133346,'2010-08-14 23:49:31','portraits_seniors_014.jpg','','',533,800,'portraitsseniors014_thumb.jpg',50,50),
	(274,72,'portraitsseniors015.jpg','image/jpeg',135501,'2010-08-14 23:49:31','portraits_seniors_015.jpg','','',1200,800,'portraitsseniors015_thumb.jpg',50,50),
	(275,72,'portraitsseniors016.jpg','image/jpeg',114123,'2010-08-14 23:49:31','portraits_seniors_016.jpg','','',1200,800,'portraitsseniors016_thumb.jpg',50,50),
	(276,72,'portraitsseniors017.jpg','image/jpeg',144781,'2010-08-14 23:49:31','portraits_seniors_017.jpg','','',533,800,'portraitsseniors017_thumb.jpg',50,50),
	(277,72,'portraitsseniors018.jpg','image/jpeg',124226,'2010-08-14 23:49:32','portraits_seniors_018.jpg','','',533,800,'portraitsseniors018_thumb.jpg',50,50),
	(278,72,'portraitsseniors019.jpg','image/jpeg',140422,'2010-08-14 23:49:32','portraits_seniors_019.jpg','','',533,800,'portraitsseniors019_thumb.jpg',50,50),
	(279,72,'portraitsseniors020.jpg','image/jpeg',123349,'2010-08-14 23:49:32','portraits_seniors_020.jpg','','',533,800,'portraitsseniors020_thumb.jpg',50,50),
	(280,72,'portraitsseniors021.jpg','image/jpeg',186326,'2010-08-14 23:49:32','portraits_seniors_021.jpg','','',533,800,'portraitsseniors021_thumb.jpg',50,50),
	(281,72,'portraitsseniors022.jpg','image/jpeg',124190,'2010-08-14 23:49:32','portraits_seniors_022.jpg','','',1200,800,'portraitsseniors022_thumb.jpg',50,50),
	(282,72,'portraitsseniors023.jpg','image/jpeg',182982,'2010-08-14 23:49:33','portraits_seniors_023.jpg','','',1200,800,'portraitsseniors023_thumb.jpg',50,50),
	(283,72,'portraitsseniors024.jpg','image/jpeg',146426,'2010-08-14 23:49:33','portraits_seniors_024.jpg','','',1200,800,'portraitsseniors024_thumb.jpg',50,50),
	(284,72,'portraitsseniors025.jpg','image/jpeg',159335,'2010-08-14 23:49:33','portraits_seniors_025.jpg','','',1200,800,'portraitsseniors025_thumb.jpg',50,50),
	(285,72,'portraitsseniors026.jpg','image/jpeg',63232,'2010-08-14 23:49:33','portraits_seniors_026.jpg','','',533,800,'portraitsseniors026_thumb.jpg',50,50),
	(286,72,'portraitsseniors027.jpg','image/jpeg',173379,'2010-08-14 23:49:34','portraits_seniors_027.jpg','','',1200,800,'portraitsseniors027_thumb.jpg',50,50),
	(287,72,'portraitsseniors028.jpg','image/jpeg',152277,'2010-08-14 23:49:34','portraits_seniors_028.jpg','','',1200,800,'portraitsseniors028_thumb.jpg',50,50),
	(288,72,'portraitsseniors029.jpg','image/jpeg',175263,'2010-08-14 23:49:34','portraits_seniors_029.jpg','','',1200,800,'portraitsseniors029_thumb.jpg',50,50),
	(289,72,'portraitsseniors030.jpg','image/jpeg',82789,'2010-08-14 23:49:34','portraits_seniors_030.jpg','','',533,800,'portraitsseniors030_thumb.jpg',50,50),
	(290,72,'portraitsseniors031.jpg','image/jpeg',170857,'2010-08-14 23:49:34','portraits_seniors_031.jpg','','',1200,800,'portraitsseniors031_thumb.jpg',50,50),
	(291,72,'portraitsseniors032.jpg','image/jpeg',67554,'2010-08-14 23:49:34','portraits_seniors_032.jpg','','',533,800,'portraitsseniors032_thumb.jpg',50,50),
	(292,72,'portraitsseniors033.jpg','image/jpeg',149638,'2010-08-14 23:49:35','portraits_seniors_033.jpg','','',1200,800,'portraitsseniors033_thumb.jpg',50,50),
	(293,72,'portraitsseniors034.jpg','image/jpeg',148103,'2010-08-14 23:49:35','portraits_seniors_034.jpg','','',1200,800,'portraitsseniors034_thumb.jpg',50,50),
	(294,72,'portraitsseniors035.jpg','image/jpeg',126206,'2010-08-14 23:49:35','portraits_seniors_035.jpg','','',1200,800,'portraitsseniors035_thumb.jpg',50,50),
	(295,72,'portraitsseniors036.jpg','image/jpeg',151958,'2010-08-14 23:49:36','portraits_seniors_036.jpg','','',533,800,'portraitsseniors036_thumb.jpg',50,50),
	(296,72,'portraitsseniors037.jpg','image/jpeg',157298,'2010-08-14 23:49:36','portraits_seniors_037.jpg','','',1200,800,'portraitsseniors037_thumb.jpg',50,50),
	(297,72,'portraitsseniors038.jpg','image/jpeg',61222,'2010-08-14 23:49:36','portraits_seniors_038.jpg','','',533,800,'portraitsseniors038_thumb.jpg',50,50),
	(298,72,'portraitsseniors039.jpg','image/jpeg',75193,'2010-08-14 23:49:36','portraits_seniors_039.jpg','','',533,800,'portraitsseniors039_thumb.jpg',50,50),
	(299,72,'portraitsseniors040.jpg','image/jpeg',182776,'2010-08-14 23:49:36','portraits_seniors_040.jpg','','',1200,800,'portraitsseniors040_thumb.jpg',50,50),
	(300,72,'portraitsseniors041.jpg','image/jpeg',106199,'2010-08-14 23:49:37','portraits_seniors_041.jpg','','',533,800,'portraitsseniors041_thumb.jpg',50,50),
	(301,72,'portraitsseniors042.jpg','image/jpeg',164760,'2010-08-14 23:49:37','portraits_seniors_042.jpg','','',1200,800,'portraitsseniors042_thumb.jpg',50,50),
	(302,72,'portraitsseniors043.jpg','image/jpeg',161738,'2010-08-14 23:49:37','portraits_seniors_043.jpg','','',571,800,'portraitsseniors043_thumb.jpg',50,50),
	(303,73,'group.png','image/png',861,'2010-08-20 22:49:24','group.png','','',16,16,'group_thumb.png',50,50);

/*!40000 ALTER TABLE `athena_4_Media` ENABLE KEYS */;
UNLOCK TABLES;


# Dump of table athena_4_PageParas
# ------------------------------------------------------------

DROP TABLE IF EXISTS `athena_4_PageParas`;

CREATE TABLE `athena_4_PageParas` (
  `id` bigint(20) NOT NULL AUTO_INCREMENT,
  `page_id` bigint(20) DEFAULT NULL,
  `theme_para_id` int(11) DEFAULT NULL,
  `para_value` varchar(255) DEFAULT NULL,
  PRIMARY KEY (`id`)
) ENGINE=MyISAM AUTO_INCREMENT=2 DEFAULT CHARSET=latin1;



# Dump of table athena_4_Pages
# ------------------------------------------------------------

DROP TABLE IF EXISTS `athena_4_Pages`;

CREATE TABLE `athena_4_Pages` (
  `id` int(11) NOT NULL AUTO_INCREMENT,
  `user_id` int(11) DEFAULT NULL,
  `content` text,
  `status` enum('Published','Draft','Private','Revision') DEFAULT 'Draft',
  `last_edit` datetime DEFAULT NULL,
  `parent_page_id` int(11) DEFAULT '0',
  `title` varchar(255) DEFAULT NULL,
  `slug` varchar(255) DEFAULT NULL,
  `path` varchar(255) DEFAULT NULL,
  `created` datetime DEFAULT NULL,
  `template` varchar(255) DEFAULT NULL,
  `is_homepage` tinyint(1) DEFAULT '0',
  `page_order` tinyint(3) DEFAULT '0',
  `is_blogpage` tinyint(1) DEFAULT '0',
  PRIMARY KEY (`id`)
) ENGINE=MyISAM AUTO_INCREMENT=19 DEFAULT CHARSET=latin1;

LOCK TABLES `athena_4_Pages` WRITE;
/*!40000 ALTER TABLE `athena_4_Pages` DISABLE KEYS */;
INSERT INTO `athena_4_Pages` (`id`,`user_id`,`content`,`status`,`last_edit`,`parent_page_id`,`title`,`slug`,`path`,`created`,`template`,`is_homepage`,`page_order`,`is_blogpage`)
VALUES
	(9,1,'','Draft','2010-08-20 18:31:49',0,'HOME','home.html','/','2010-08-09 21:34:34','homepage.php',0,0,0),
	(10,1,'','Draft','2010-08-20 18:28:28',0,'PORTRAITS','portraits.html','/','2010-08-09 21:34:40','gallerypage.php',0,0,0),
	(11,1,'<p>FIH d FIH d FIH g FIH g FIH g FIH</p>','Draft','2010-08-15 00:33:59',10,'Gallery 1','Gallery1.html','/portraits/','2010-08-09 21:35:18','gallerypage.php',0,0,0),
	(12,1,'<p>Tet gallery</p>','Draft','2010-08-15 00:34:03',10,'Gallery 2','Gallery2.html','/portraits/','2010-08-09 21:35:18','gallerypage.php',0,0,0),
	(13,1,'','Draft','2010-08-15 00:36:14',0,'WEDDINGS','WEDDINGS.html','/','2010-08-09 21:35:50','gallerypage.php',0,0,0),
	(14,1,'','Draft','2010-08-15 00:36:17',13,'Wedding gallery 1','Weddinggallery1.html','/weddings/','2010-08-09 21:36:29','gallerypage.php',0,0,0),
	(15,1,'','Draft','2010-08-15 00:36:20',13,'Wedding gallery 2','Weddinggallery2.html','/weddings/','2010-08-09 21:36:29','gallerypage.php',0,0,0),
	(16,1,'','Draft','2010-08-15 00:36:25',13,'Wedding gallery 3','Weddinggallery3.html','/weddings/','2010-08-09 21:36:29','gallerypage.php',0,0,0),
	(17,1,'','Draft','2010-08-09 21:36:29',0,'INFORMATION','INFORMATION.html','/','2010-08-09 21:36:29','0',0,0,0),
	(18,1,'','Published','2010-08-20 18:19:41',0,'BLOG','blog.html','/','2010-08-17 05:13:53','blogpage.php',0,5,1);

/*!40000 ALTER TABLE `athena_4_Pages` ENABLE KEYS */;
UNLOCK TABLES;


# Dump of table athena_4_PostCategories
# ------------------------------------------------------------

DROP TABLE IF EXISTS `athena_4_PostCategories`;

CREATE TABLE `athena_4_PostCategories` (
  `id` int(11) NOT NULL AUTO_INCREMENT,
  `category` varchar(255) DEFAULT NULL,
  PRIMARY KEY (`id`)
) ENGINE=MyISAM AUTO_INCREMENT=5 DEFAULT CHARSET=latin1;

LOCK TABLES `athena_4_PostCategories` WRITE;
/*!40000 ALTER TABLE `athena_4_PostCategories` DISABLE KEYS */;
INSERT INTO `athena_4_PostCategories` (`id`,`category`)
VALUES
	(2,'cat1'),
	(3,'cat2'),
	(4,'cat');

/*!40000 ALTER TABLE `athena_4_PostCategories` ENABLE KEYS */;
UNLOCK TABLES;


# Dump of table athena_4_Posts
# ------------------------------------------------------------

DROP TABLE IF EXISTS `athena_4_Posts`;

CREATE TABLE `athena_4_Posts` (
  `id` int(11) NOT NULL AUTO_INCREMENT,
  `user_id` int(11) DEFAULT NULL,
  `content` text,
  `status` enum('Published','Draft','Private','Revision') DEFAULT 'Draft',
  `last_edit` datetime DEFAULT NULL,
  `created` datetime DEFAULT NULL,
  `title` varchar(255) DEFAULT NULL,
  `slug` varchar(255) DEFAULT NULL,
  `path` varchar(255) DEFAULT NULL,
  `canComment` tinyint(1) DEFAULT '1',
  PRIMARY KEY (`id`)
) ENGINE=MyISAM AUTO_INCREMENT=5 DEFAULT CHARSET=latin1;

LOCK TABLES `athena_4_Posts` WRITE;
/*!40000 ALTER TABLE `athena_4_Posts` DISABLE KEYS */;
INSERT INTO `athena_4_Posts` (`id`,`user_id`,`content`,`status`,`last_edit`,`created`,`title`,`slug`,`path`,`canComment`)
VALUES
	(2,1,'<p align=\\\"center\\\"><img border=\\\"1\\\" src=\\\"http://galleries.charlottegeary.com/photos/975354746_EbRMc-O.jpg\\\" /><br />Courtney<br />Colorado Springs<br />August 18, 2010</p><p>Yesterday evening I met with Courtney for her senior portrait session in Palmer Park. After a few pictures in the park, we headed to downtown Colorado Springs to continue her portraits as the sun set. It was the best of both sides of Colorado Springs &ndash; nature and city!</p><div class=\\\"apolloPageBreak\\\" style=\\\"border: 1px solid blue;\\\">	My custom more...</div><p>&nbsp;</p><p align=\\\"center\\\"><img border=\\\"1\\\" src=\\\"http://galleries.charlottegeary.com/photos/975354893_EmwiR-O.jpg\\\" /></p><p><img border=\\\"1\\\" src=\\\"http://galleries.charlottegeary.com/photos/975354867_368xG-O.jpg\\\" /></p><p><img border=\\\"1\\\" src=\\\"http://galleries.charlottegeary.com/photos/975354858_ZfqiL-O.jpg\\\" /></p><p><img border=\\\"1\\\" src=\\\"http://galleries.charlottegeary.com/photos/975354852_EnaVa-O.jpg\\\" /></p><p><img border=\\\"1\\\" src=\\\"http://galleries.charlottegeary.com/photos/975354833_V6GQu-O.jpg\\\" /></p><p><img border=\\\"1\\\" src=\\\"http://galleries.charlottegeary.com/photos/975354823_eaBE9-O.jpg\\\" /></p><p><img border=\\\"1\\\" src=\\\"http://galleries.charlottegeary.com/photos/975354817_zRCPi-O.jpg\\\" /></p><p><img border=\\\"1\\\" src=\\\"http://galleries.charlottegeary.com/photos/975354808_KzSZX-O.jpg\\\" /></p><p><img border=\\\"1\\\" src=\\\"http://galleries.charlottegeary.com/photos/975354792_FzxeG-O.jpg\\\" /></p><p><img border=\\\"1\\\" src=\\\"http://galleries.charlottegeary.com/photos/975354789_5Bvia-O.jpg\\\" /></p><p><img border=\\\"1\\\" src=\\\"http://galleries.charlottegeary.com/photos/975354776_aQT6K-O.jpg\\\" /></p><p><img border=\\\"1\\\" src=\\\"http://galleries.charlottegeary.com/photos/975354761_uU9t6-O-1.jpg\\\" /></p><p><img border=\\\"1\\\" src=\\\"http://galleries.charlottegeary.com/photos/975354733_8FZyP-O.jpg\\\" /></p><p><img border=\\\"1\\\" src=\\\"http://galleries.charlottegeary.com/photos/975354718_nPtso-O.jpg\\\" /></p>','Draft','2010-08-20 04:31:40','2010-08-19 19:20:25','Courtney: Senior portraits in Colorado Springs','courtney-senior-portraits-in-colorado-springs.html','/2010/8/19/',1),
	(3,1,'<p align=\\\"center\\\"><img alt=\\\"\\\" border=\\\"1\\\" src=\\\"http://galleries.charlottegeary.com/photos/972442412_BfJBx-O.jpg\\\" /><br />Jeff and Danielle<br />Wild Basin Lodge<br />Allenspark, Colorado<br />August 14, 2010</p><p>Saturday was the perfect day for a mountain wedding, and the Wild Basin Lodge is a gem. Danielle and Jeff got married there alongside a stream, and then celebrated with a dinner for 40 of their closest friends. I loved how the wedding preparations were a group effort &mdash; the cake, flowers, music, and decor were all created by their friends and family.</p><p>The staff at Wild Basin Lodge were excellent to work with, and took great care of Jesse and me. They even offered to accommodate any of our dietary restrictions or allergies, which is a rare treat for wedding vendors. I was truly impressed by the level of their service. Highly recommended.</p><div class=\\\"apolloPageBreak\\\" style=\\\"border: 1px solid blue;\\\">	More...</div><p align=\\\"center\\\"><img alt=\\\"Wild Basin Lodge river\\\" border=\\\"1\\\" src=\\\"http://galleries.charlottegeary.com/photos/972442430_vWVdJ-O.jpg\\\" /><br />The venue sits alongside a mountain stream. (Photo by Jesse)</p><p><img alt=\\\"Hummingbird and bee\\\" border=\\\"1\\\" src=\\\"http://galleries.charlottegeary.com/photos/972442466_DjBRH-O.jpg\\\" /></p><p><img alt=\\\"Wild Basin Lodge\\\" border=\\\"1\\\" src=\\\"http://galleries.charlottegeary.com/photos/972442481_GvKqu-O.jpg\\\" /><br />Danielle and the ladies spent the first part of the day getting their makeup done on their balcony.</p><p><img alt=\\\"Wild Basin Lodge mountains\\\" border=\\\"1\\\" src=\\\"http://galleries.charlottegeary.com/photos/972442505_BW5Jf-O.jpg\\\" /><br />The view from the balcony</p><p><img alt=\\\"Bride getting ready\\\" border=\\\"1\\\" src=\\\"http://galleries.charlottegeary.com/photos/972442526_ioyvx-O.jpg\\\" /></p><p><img alt=\\\"\\\" border=\\\"1\\\" src=\\\"http://galleries.charlottegeary.com/photos/972442547_pesTH-O-1.jpg\\\" /><br />Danielle had propped a photo of Jeff on her mirror to keep her company as she got ready.</p><p><img alt=\\\"Flower girl getting ready\\\" border=\\\"1\\\" src=\\\"http://galleries.charlottegeary.com/photos/972442561_whng5-O.jpg\\\" /><br />Flower girl Gracie on her tip toes.</p><p><img alt=\\\"\\\" border=\\\"1\\\" src=\\\"http://galleries.charlottegeary.com/photos/972442576_jAB7A-O.jpg\\\" /></p><p><img alt=\\\"Bride at Wild Basin Lodge\\\" border=\\\"1\\\" src=\\\"http://galleries.charlottegeary.com/photos/972442609_px4op-O.jpg\\\" /></p><p><img alt=\\\"Necklace on bridal bouquet\\\" border=\\\"1\\\" src=\\\"http://galleries.charlottegeary.com/photos/972442633_dMrU3-O.jpg\\\" /><br />Danielle carried her grandmother&rsquo;s necklace around the base of her bouquet of lilies.</p><p><img alt=\\\"Groom getting ready\\\" border=\\\"1\\\" src=\\\"http://galleries.charlottegeary.com/photos/972442563_Jpw7V-O.jpg\\\" /><br />Meanwhile, Jeff and the guys got ready in a nearby cabin. (Photo by Jesse)</p><p><img alt=\\\"Groom\\\" border=\\\"1\\\" src=\\\"http://galleries.charlottegeary.com/photos/972442643_AtCzN-O.jpg\\\" /></p><p><img alt=\\\"Groom with dogs\\\" border=\\\"1\\\" src=\\\"http://galleries.charlottegeary.com/photos/972442649_frkJ4-O.jpg\\\" /><br />Yogi and Rudy got dressed up for the occasion.</p><p><img alt=\\\"\\\" border=\\\"1\\\" src=\\\"http://galleries.charlottegeary.com/photos/972442677_2gcd4-O-2.jpg\\\" /><br />A photo of Danielle&rsquo;s recently deceased father stood in the chair that would have been his. Danielle&rsquo;s brother walked her down the aisle.</p><p><img alt=\\\"Wild Basin Lodge wedding\\\" border=\\\"1\\\" src=\\\"http://galleries.charlottegeary.com/photos/972442689_tK3nu-O.jpg\\\" /><br />The ceremony took place in an amphitheater along the river.</p><p><img alt=\\\"Flower girl in brown dress\\\" border=\\\"1\\\" src=\\\"http://galleries.charlottegeary.com/photos/972442718_52v6n-O.jpg\\\" /><br />The adorable flower girl wore a brown dress and a pale pink floral headband.</p><p><img alt=\\\"Wild Basin Lodge wedding\\\" border=\\\"1\\\" src=\\\"http://galleries.charlottegeary.com/photos/972442726_3FM5A-O.jpg\\\" /></p><p><img alt=\\\"\\\" border=\\\"1\\\" src=\\\"http://galleries.charlottegeary.com/photos/972442742_7As9x-O.jpg\\\" /></p><p><img alt=\\\"\\\" border=\\\"1\\\" src=\\\"http://galleries.charlottegeary.com/photos/972442758_o8vuB-O.jpg\\\" /></p><p><img alt=\\\"Bride and groom in aspen trees\\\" border=\\\"1\\\" src=\\\"http://galleries.charlottegeary.com/photos/972442789_6tgiy-O.jpg\\\" /></p><p><img alt=\\\"Red wedding reception\\\" border=\\\"1\\\" src=\\\"http://galleries.charlottegeary.com/photos/972442809_L5923-O.jpg\\\" /><br />The reception was arranged with two long tables that joined at a sweetheart table in the middle.</p><p><img alt=\\\"\\\" border=\\\"1\\\" src=\\\"http://galleries.charlottegeary.com/photos/972442861_aFZdd-O.jpg\\\" /><br />The entire meal was vegetarian! I&rsquo;m not usually able to try a little bit of everything, but this time I did, and it was delicious!</p><p><img alt=\\\"First dance\\\" border=\\\"1\\\" src=\\\"http://galleries.charlottegeary.com/photos/972442845_dfPav-O.jpg\\\" /><br />First dance</p><p><img alt=\\\"\\\" border=\\\"1\\\" src=\\\"http://galleries.charlottegeary.com/photos/972442853_ty5Da-O.jpg\\\" /></p><p><img alt=\\\"Wild Basin Lodge\\\" border=\\\"1\\\" src=\\\"http://galleries.charlottegeary.com/photos/972442874_mtkYj-O.jpg\\\" /></p><p>Photographer: <a href=\\\"http://www.charlottegeary.com\\\">Charlotte Geary</a><br />Second photographer: <a href=\\\"http://www.jessestarrphotography.com/\\\">Jesse Starr</a><br />Venue: <a href=\\\"http://www.wildbasinlodge.com/\\\">Wild Basin Lodge</a></p>','Draft','2010-08-20 04:31:37','2010-08-19 19:20:26','Danielle and Jeff: Wild Basin Lodge wedding','danielle-and-jeff-wild-basin-lodge-wedding.html','/2010/8/19/',1);

/*!40000 ALTER TABLE `athena_4_Posts` ENABLE KEYS */;
UNLOCK TABLES;


# Dump of table athena_4_PostTags
# ------------------------------------------------------------

DROP TABLE IF EXISTS `athena_4_PostTags`;

CREATE TABLE `athena_4_PostTags` (
  `id` int(11) NOT NULL AUTO_INCREMENT,
  `tag` varchar(255) DEFAULT NULL,
  PRIMARY KEY (`id`)
) ENGINE=MyISAM AUTO_INCREMENT=6 DEFAULT CHARSET=latin1;

LOCK TABLES `athena_4_PostTags` WRITE;
/*!40000 ALTER TABLE `athena_4_PostTags` DISABLE KEYS */;
INSERT INTO `athena_4_PostTags` (`id`,`tag`)
VALUES
	(2,'tag1'),
	(5,'tag2'),
	(4,'tag3');

/*!40000 ALTER TABLE `athena_4_PostTags` ENABLE KEYS */;
UNLOCK TABLES;


# Dump of table athena_4_PostToCategories
# ------------------------------------------------------------

DROP TABLE IF EXISTS `athena_4_PostToCategories`;

CREATE TABLE `athena_4_PostToCategories` (
  `id` int(11) NOT NULL AUTO_INCREMENT,
  `post_id` int(11) DEFAULT NULL,
  `category_id` int(11) DEFAULT NULL,
  PRIMARY KEY (`id`)
) ENGINE=MyISAM AUTO_INCREMENT=6 DEFAULT CHARSET=latin1;

LOCK TABLES `athena_4_PostToCategories` WRITE;
/*!40000 ALTER TABLE `athena_4_PostToCategories` DISABLE KEYS */;
INSERT INTO `athena_4_PostToCategories` (`id`,`post_id`,`category_id`)
VALUES
	(2,2,2),
	(3,2,3),
	(4,3,4),
	(5,3,2);

/*!40000 ALTER TABLE `athena_4_PostToCategories` ENABLE KEYS */;
UNLOCK TABLES;


# Dump of table athena_4_PostToTags
# ------------------------------------------------------------

DROP TABLE IF EXISTS `athena_4_PostToTags`;

CREATE TABLE `athena_4_PostToTags` (
  `id` int(11) NOT NULL AUTO_INCREMENT,
  `post_id` int(11) DEFAULT NULL,
  `tag_id` int(11) DEFAULT NULL,
  PRIMARY KEY (`id`)
) ENGINE=MyISAM AUTO_INCREMENT=9 DEFAULT CHARSET=latin1;

LOCK TABLES `athena_4_PostToTags` WRITE;
/*!40000 ALTER TABLE `athena_4_PostToTags` DISABLE KEYS */;
INSERT INTO `athena_4_PostToTags` (`id`,`post_id`,`tag_id`)
VALUES
	(8,3,5),
	(7,2,2),
	(4,2,4),
	(5,3,2),
	(6,3,4);

/*!40000 ALTER TABLE `athena_4_PostToTags` ENABLE KEYS */;
UNLOCK TABLES;


# Dump of table athena_5_Comments
# ------------------------------------------------------------

DROP TABLE IF EXISTS `athena_5_Comments`;

CREATE TABLE `athena_5_Comments` (
  `id` int(11) NOT NULL AUTO_INCREMENT,
  `content` text,
  `status` enum('Pending','Published','Trash','Spam','PossibleSpam') DEFAULT 'Pending',
  `last_edit` datetime DEFAULT NULL,
  `created` datetime DEFAULT NULL,
  `blog_follower_id` int(11) NOT NULL,
  PRIMARY KEY (`id`)
) ENGINE=MyISAM AUTO_INCREMENT=2 DEFAULT CHARSET=latin1;



# Dump of table athena_5_Folders
# ------------------------------------------------------------

DROP TABLE IF EXISTS `athena_5_Folders`;

CREATE TABLE `athena_5_Folders` (
  `id` int(11) NOT NULL AUTO_INCREMENT,
  `name` varchar(255) DEFAULT 'Unamed Folder',
  PRIMARY KEY (`id`)
) ENGINE=MyISAM AUTO_INCREMENT=69 DEFAULT CHARSET=utf8;

LOCK TABLES `athena_5_Folders` WRITE;
/*!40000 ALTER TABLE `athena_5_Folders` DISABLE KEYS */;
INSERT INTO `athena_5_Folders` (`id`,`name`)
VALUES
	(2,'Reserved (Last 24 hours))'),
	(3,'Reserved (Last 7 days)'),
	(4,'Reserved (last 1 day)'),
	(5,'Reserved'),
	(6,'Reserved'),
	(7,'Reserved'),
	(8,'Reserved'),
	(9,'Reserved'),
	(68,'gallery 1');

/*!40000 ALTER TABLE `athena_5_Folders` ENABLE KEYS */;
UNLOCK TABLES;


# Dump of table athena_5_GalleryMeta
# ------------------------------------------------------------

DROP TABLE IF EXISTS `athena_5_GalleryMeta`;

CREATE TABLE `athena_5_GalleryMeta` (
  `id` int(11) NOT NULL AUTO_INCREMENT,
  `page_id` bigint(20) DEFAULT NULL,
  `gallery_number` tinyint(2) DEFAULT '0',
  `title` varchar(255) DEFAULT NULL,
  `description` varchar(255) DEFAULT NULL,
  `image_id` bigint(20) DEFAULT NULL,
  `theme_para_id` bigint(20) DEFAULT NULL,
  PRIMARY KEY (`id`)
) ENGINE=MyISAM DEFAULT CHARSET=utf8;



# Dump of table athena_5_GalleryTable
# ------------------------------------------------------------

DROP TABLE IF EXISTS `athena_5_GalleryTable`;

CREATE TABLE `athena_5_GalleryTable` (
  `id` bigint(20) NOT NULL AUTO_INCREMENT,
  `image_id` bigint(20) DEFAULT NULL,
  `page_id` bigint(20) DEFAULT NULL,
  `slot_number` tinyint(3) DEFAULT NULL,
  `gallery_number` tinyint(2) DEFAULT '0',
  `theme_para_id` int(11) DEFAULT NULL,
  PRIMARY KEY (`id`)
) ENGINE=MyISAM AUTO_INCREMENT=9 DEFAULT CHARSET=latin1;

LOCK TABLES `athena_5_GalleryTable` WRITE;
/*!40000 ALTER TABLE `athena_5_GalleryTable` DISABLE KEYS */;
INSERT INTO `athena_5_GalleryTable` (`id`,`image_id`,`page_id`,`slot_number`,`gallery_number`,`theme_para_id`)
VALUES
	(1,1,9,0,1,202),
	(2,2,9,1,1,202),
	(3,3,9,2,1,202),
	(4,6,15,0,1,201),
	(5,7,15,1,1,201),
	(6,8,15,2,1,201),
	(7,9,15,3,1,201),
	(8,10,15,4,1,201);

/*!40000 ALTER TABLE `athena_5_GalleryTable` ENABLE KEYS */;
UNLOCK TABLES;


# Dump of table athena_5_GlobalParas
# ------------------------------------------------------------

DROP TABLE IF EXISTS `athena_5_GlobalParas`;

CREATE TABLE `athena_5_GlobalParas` (
  `id` bigint(20) NOT NULL AUTO_INCREMENT,
  `para_value` varchar(255) DEFAULT NULL,
  `theme_para_id` bigint(20) DEFAULT NULL,
  PRIMARY KEY (`id`)
) ENGINE=MyISAM DEFAULT CHARSET=utf8;



# Dump of table athena_5_Media
# ------------------------------------------------------------

DROP TABLE IF EXISTS `athena_5_Media`;

CREATE TABLE `athena_5_Media` (
  `id` bigint(20) NOT NULL AUTO_INCREMENT,
  `folder_id` int(11) DEFAULT '1',
  `filename` varchar(255) DEFAULT NULL,
  `mime_type` varchar(20) DEFAULT NULL,
  `file_size` int(11) DEFAULT NULL,
  `created` timestamp NULL DEFAULT NULL ON UPDATE CURRENT_TIMESTAMP,
  `title` text,
  `description` text,
  `tags` text,
  `width` int(9) DEFAULT NULL,
  `height` int(9) DEFAULT NULL,
  `thumb_filename` varchar(255) DEFAULT NULL,
  `thumb_width` int(9) DEFAULT NULL,
  `thumb_height` int(9) DEFAULT NULL,
  PRIMARY KEY (`id`)
) ENGINE=MyISAM AUTO_INCREMENT=11 DEFAULT CHARSET=utf8;

LOCK TABLES `athena_5_Media` WRITE;
/*!40000 ALTER TABLE `athena_5_Media` DISABLE KEYS */;
INSERT INTO `athena_5_Media` (`id`,`folder_id`,`filename`,`mime_type`,`file_size`,`created`,`title`,`description`,`tags`,`width`,`height`,`thumb_filename`,`thumb_width`,`thumb_height`)
VALUES
	(1,68,'intro01.jpg','image/jpeg',193833,'2010-08-12 00:00:42','intro_01.jpg','','',1260,800,'intro01_thumb.jpg',50,50),
	(2,68,'intro02.jpg','image/jpeg',174858,'2010-08-12 00:00:44','intro_02.jpg','','',1260,800,'intro02_thumb.jpg',50,50),
	(3,68,'intro03.jpg','image/jpeg',198904,'2010-08-12 00:00:45','intro_03.jpg','','',1260,800,'intro03_thumb.jpg',50,50),
	(4,68,'intro04.jpg','image/jpeg',167628,'2010-08-12 00:00:47','intro_04.jpg','','',1260,800,'intro04_thumb.jpg',50,50),
	(5,68,'intro05.jpg','image/jpeg',138222,'2010-08-12 00:00:49','intro_05.jpg','','',1260,800,'intro05_thumb.jpg',50,50),
	(6,68,'intro06.jpg','image/jpeg',117995,'2010-08-12 00:00:51','intro_06.jpg','','',1260,800,'intro06_thumb.jpg',50,50),
	(7,68,'intro07.jpg','image/jpeg',159482,'2010-08-12 00:00:52','intro_07.jpg','','',1260,800,'intro07_thumb.jpg',50,50),
	(8,68,'intro08.jpg','image/jpeg',131547,'2010-08-12 00:00:53','intro_08.jpg','','',1260,840,'intro08_thumb.jpg',50,50),
	(9,68,'intro09.jpg','image/jpeg',170500,'2010-08-12 00:00:55','intro_09.jpg','','',1260,800,'intro09_thumb.jpg',50,50),
	(10,68,'intro10.jpg','image/jpeg',136606,'2010-08-12 00:00:57','intro_10.jpg','','',1260,800,'intro10_thumb.jpg',50,50);

/*!40000 ALTER TABLE `athena_5_Media` ENABLE KEYS */;
UNLOCK TABLES;


# Dump of table athena_5_PageParas
# ------------------------------------------------------------

DROP TABLE IF EXISTS `athena_5_PageParas`;

CREATE TABLE `athena_5_PageParas` (
  `id` bigint(20) NOT NULL AUTO_INCREMENT,
  `page_id` bigint(20) DEFAULT NULL,
  `theme_para_id` int(11) DEFAULT NULL,
  `para_value` varchar(255) DEFAULT NULL,
  PRIMARY KEY (`id`)
) ENGINE=MyISAM AUTO_INCREMENT=2 DEFAULT CHARSET=latin1;

LOCK TABLES `athena_5_PageParas` WRITE;
/*!40000 ALTER TABLE `athena_5_PageParas` DISABLE KEYS */;
INSERT INTO `athena_5_PageParas` (`id`,`page_id`,`theme_para_id`,`para_value`)
VALUES
	(1,12,204,'9');

/*!40000 ALTER TABLE `athena_5_PageParas` ENABLE KEYS */;
UNLOCK TABLES;


# Dump of table athena_5_Pages
# ------------------------------------------------------------

DROP TABLE IF EXISTS `athena_5_Pages`;

CREATE TABLE `athena_5_Pages` (
  `id` int(11) NOT NULL AUTO_INCREMENT,
  `user_id` int(11) DEFAULT NULL,
  `content` text,
  `status` enum('Published','Draft','Private','Revision') DEFAULT 'Draft',
  `last_edit` datetime DEFAULT NULL,
  `parent_page_id` int(11) DEFAULT '0',
  `title` varchar(255) DEFAULT NULL,
  `slug` varchar(255) DEFAULT NULL,
  `path` varchar(255) DEFAULT NULL,
  `created` datetime DEFAULT NULL,
  `template` varchar(255) DEFAULT NULL,
  `is_homepage` tinyint(1) DEFAULT '0',
  `page_order` tinyint(3) DEFAULT '0',
  `is_blogpage` tinyint(1) DEFAULT '0',
  PRIMARY KEY (`id`)
) ENGINE=MyISAM AUTO_INCREMENT=18 DEFAULT CHARSET=latin1;

LOCK TABLES `athena_5_Pages` WRITE;
/*!40000 ALTER TABLE `athena_5_Pages` DISABLE KEYS */;
INSERT INTO `athena_5_Pages` (`id`,`user_id`,`content`,`status`,`last_edit`,`parent_page_id`,`title`,`slug`,`path`,`created`,`template`,`is_homepage`,`page_order`,`is_blogpage`)
VALUES
	(9,1,'','Published','2010-08-13 00:41:07',0,'Home','Home.html','/','2010-08-12 06:01:28','homepage.php',1,0,0),
	(10,1,'','Published','2010-08-13 01:06:54',0,'Portfolio','Portfolio.html','/','2010-08-12 06:01:52','gallerypage.php',0,2,0),
	(11,1,'','Draft','2010-08-13 01:08:15',0,'Blog','Blog.html','/','2010-08-12 06:03:10','blog_page.php',0,3,0),
	(12,1,'<div align=\\\\\\\"left\\\\\\\" cla=\\\\\\\"rightCol\\\\\\\" tyle=\\\\\\\"width: 675px;\\\\\\\">	<div cla=\\\\\\\"contentText\\\\\\\">		<div cla=\\\\\\\"torycontent\\\\\\\">			<p>Holly Pacione Photography<br />			719-321-9419</p>			<p>hollypacionephotography@gmail.com</p>			<p tyle=\\\\\\\"text-align: jutify;\\\\\\\"><trong>Portrait Invetment</trong></p>			<p>The itting fee for portrait i $100 and include:</p>			<p tyle=\\\\\\\"text-align: jutify;\\\\\\\">-Time and talent</p>			<p tyle=\\\\\\\"text-align: jutify;\\\\\\\">-Photography at a location of your choice within the Colorado pring area and mot of Denver</p>			<p>-Print begin at $15</p>			<p>-Digital File are Available</p>			<p><trong>Wedding Invetment</trong></p>			<p>Package begin at $2300 for two photographer, digital negative, and 6 hour and more.</p>			<p>We offer an aortment of earth friendly product, album, print and more.</p>			<p>We would be happy to e-mail you a more detailed price heet upon requet!</p>		</div>	</div></div>','Published','2010-08-13 01:30:05',0,'Investment','Investment.html','/','2010-08-12 06:03:20','contentrightpage.php',0,4,0),
	(13,1,'','Published','2010-08-13 01:08:59',0,'Testimonials','Testimonials.html','/','2010-08-12 06:08:24','page.php',0,6,0),
	(14,1,'','Published','2010-08-13 01:08:48',0,'About Us','AboutUs.html','/','2010-08-12 06:08:56','contentleftpage.php',0,5,0),
	(15,1,'','Published','2010-08-13 01:07:01',10,'Wedding Gallery 1','WeddingGallery1.html','/portfolio/','2010-08-12 06:09:11','gallerypage.php',0,1,0),
	(16,1,'','Published','2010-08-13 01:07:06',10,'Wedding Gallery 2','WeddingGallery2.html','/portfolio/','2010-08-12 06:09:12','gallerypage.php',0,2,0),
	(17,1,'','Published','2010-08-13 01:09:10',0,'Contact Us','ContactUs.html','/','2010-08-12 06:10:13','contactpage.php',0,7,0);

/*!40000 ALTER TABLE `athena_5_Pages` ENABLE KEYS */;
UNLOCK TABLES;


# Dump of table athena_5_PostCategories
# ------------------------------------------------------------

DROP TABLE IF EXISTS `athena_5_PostCategories`;

CREATE TABLE `athena_5_PostCategories` (
  `id` int(11) NOT NULL AUTO_INCREMENT,
  `category` varchar(255) DEFAULT NULL,
  PRIMARY KEY (`id`)
) ENGINE=MyISAM AUTO_INCREMENT=2 DEFAULT CHARSET=latin1;



# Dump of table athena_5_Posts
# ------------------------------------------------------------

DROP TABLE IF EXISTS `athena_5_Posts`;

CREATE TABLE `athena_5_Posts` (
  `id` int(11) NOT NULL AUTO_INCREMENT,
  `user_id` int(11) DEFAULT NULL,
  `content` text,
  `status` enum('Published','Draft','Private','Revision') DEFAULT 'Draft',
  `last_edit` datetime DEFAULT NULL,
  `created` datetime DEFAULT NULL,
  `title` varchar(255) DEFAULT NULL,
  `slug` varchar(255) DEFAULT NULL,
  `path` varchar(255) DEFAULT NULL,
  `canComment` tinyint(1) DEFAULT '1',
  PRIMARY KEY (`id`)
) ENGINE=MyISAM AUTO_INCREMENT=2 DEFAULT CHARSET=latin1;



# Dump of table athena_5_PostTags
# ------------------------------------------------------------

DROP TABLE IF EXISTS `athena_5_PostTags`;

CREATE TABLE `athena_5_PostTags` (
  `id` int(11) NOT NULL AUTO_INCREMENT,
  `tag` varchar(255) DEFAULT NULL,
  PRIMARY KEY (`id`)
) ENGINE=MyISAM AUTO_INCREMENT=2 DEFAULT CHARSET=latin1;



# Dump of table athena_5_PostToCategories
# ------------------------------------------------------------

DROP TABLE IF EXISTS `athena_5_PostToCategories`;

CREATE TABLE `athena_5_PostToCategories` (
  `id` int(11) NOT NULL AUTO_INCREMENT,
  `post_id` int(11) DEFAULT NULL,
  `category_id` int(11) DEFAULT NULL,
  PRIMARY KEY (`id`)
) ENGINE=MyISAM AUTO_INCREMENT=2 DEFAULT CHARSET=latin1;



# Dump of table athena_5_PostToTags
# ------------------------------------------------------------

DROP TABLE IF EXISTS `athena_5_PostToTags`;

CREATE TABLE `athena_5_PostToTags` (
  `id` int(11) NOT NULL AUTO_INCREMENT,
  `post_id` int(11) DEFAULT NULL,
  `tag_id` int(11) DEFAULT NULL,
  PRIMARY KEY (`id`)
) ENGINE=MyISAM AUTO_INCREMENT=2 DEFAULT CHARSET=latin1;



# Dump of table athena_FollowerToBlog
# ------------------------------------------------------------

DROP TABLE IF EXISTS `athena_FollowerToBlog`;

CREATE TABLE `athena_FollowerToBlog` (
  `id` int(11) NOT NULL AUTO_INCREMENT,
  `site_id` int(11) DEFAULT NULL,
  `follower_id` int(11) DEFAULT NULL,
  PRIMARY KEY (`id`)
) ENGINE=MyISAM DEFAULT CHARSET=latin1;



# Dump of table athena_SiteFollowers
# ------------------------------------------------------------

DROP TABLE IF EXISTS `athena_SiteFollowers`;

CREATE TABLE `athena_SiteFollowers` (
  `id` int(11) NOT NULL AUTO_INCREMENT,
  `name` tinytext,
  `email` varchar(255) DEFAULT NULL,
  PRIMARY KEY (`id`)
) ENGINE=MyISAM DEFAULT CHARSET=latin1;



# Dump of table athena_Sites
# ------------------------------------------------------------

DROP TABLE IF EXISTS `athena_Sites`;

CREATE TABLE `athena_Sites` (
  `id` int(11) NOT NULL AUTO_INCREMENT,
  `domain` varchar(200) DEFAULT NULL,
  `path` varchar(100) DEFAULT NULL,
  `theme_id` int(11) DEFAULT NULL,
  PRIMARY KEY (`id`)
) ENGINE=MyISAM AUTO_INCREMENT=6 DEFAULT CHARSET=latin1;

LOCK TABLES `athena_Sites` WRITE;
/*!40000 ALTER TABLE `athena_Sites` DISABLE KEYS */;
INSERT INTO `athena_Sites` (`id`,`domain`,`path`,`theme_id`)
VALUES
	(1,'athenasites.com','',1),
	(2,'callisto.athenasites.com','',4),
	(3,'pandora.athenasites.com','',5),
	(4,'cgp.athenasites.com','',3),
	(5,'holly.athenasites.com','',2);

/*!40000 ALTER TABLE `athena_Sites` ENABLE KEYS */;
UNLOCK TABLES;


# Dump of table athena_UserLevels
# ------------------------------------------------------------

DROP TABLE IF EXISTS `athena_UserLevels`;

CREATE TABLE `athena_UserLevels` (
  `id` int(11) DEFAULT NULL,
  `name` varchar(12) DEFAULT NULL,
  `description` text,
  `create_post` tinyint(4) DEFAULT '0',
  `edit_post` int(11) DEFAULT NULL,
  `delete_post` int(11) DEFAULT NULL,
  `create_page` int(11) DEFAULT NULL,
  `edit_page` int(11) DEFAULT NULL,
  `delete_page` int(11) DEFAULT NULL
) ENGINE=MyISAM DEFAULT CHARSET=latin1;

LOCK TABLES `athena_UserLevels` WRITE;
/*!40000 ALTER TABLE `athena_UserLevels` DISABLE KEYS */;
INSERT INTO `athena_UserLevels` (`id`,`name`,`description`,`create_post`,`edit_post`,`delete_post`,`create_page`,`edit_page`,`delete_page`)
VALUES
	(1,'Super Admin','Access to all sites',1,1,1,1,1,1),
	(2,'Admin','Allowed to administer a given website',1,1,1,1,1,1),
	(3,'Author','Allowed to write posts and modify content for a given website',1,1,0,0,0,0),
	(4,'Contributer','Allowed to write posts for a given site',1,0,0,0,0,0),
	(5,'Subscriber','No rights',0,0,0,0,0,0),
	(6,'Client','Used for users for client galleries',0,0,0,0,0,0);

/*!40000 ALTER TABLE `athena_UserLevels` ENABLE KEYS */;
UNLOCK TABLES;


# Dump of table athena_Users
# ------------------------------------------------------------

DROP TABLE IF EXISTS `athena_Users`;

CREATE TABLE `athena_Users` (
  `id` int(11) NOT NULL AUTO_INCREMENT,
  `email` varchar(255) DEFAULT NULL,
  `name` varchar(255) DEFAULT NULL,
  `password_hash` varchar(128) DEFAULT NULL,
  `account_created` datetime DEFAULT NULL,
  `last_login` datetime DEFAULT NULL,
  `user_level` tinyint(1) DEFAULT NULL,
  `service_client_gallery` tinyint(1) DEFAULT '0',
  `payment_plan` enum('Monthly','Annually') DEFAULT 'Annually',
  `last_payment` date DEFAULT NULL,
  `next_payment_due` date DEFAULT NULL,
  `monthly_fee` float(3,2) DEFAULT '8.00',
  PRIMARY KEY (`id`)
) ENGINE=MyISAM AUTO_INCREMENT=2 DEFAULT CHARSET=latin1;

LOCK TABLES `athena_Users` WRITE;
/*!40000 ALTER TABLE `athena_Users` DISABLE KEYS */;
INSERT INTO `athena_Users` (`id`,`email`,`name`,`password_hash`,`account_created`,`last_login`,`user_level`,`service_client_gallery`,`payment_plan`,`last_payment`,`next_payment_due`,`monthly_fee`)
VALUES
	(1,'mike@apollosites.com','Mike Pritchard','22d500a499157bcb53edd6703f8b78fb132fb1698735af66fcca','2010-08-09 19:54:00','2010-08-21 17:28:26',2,0,'Annually','2010-08-09','2011-08-09',8.00);

/*!40000 ALTER TABLE `athena_Users` ENABLE KEYS */;
UNLOCK TABLES;


# Dump of table athena_UserToSite
# ------------------------------------------------------------

DROP TABLE IF EXISTS `athena_UserToSite`;

CREATE TABLE `athena_UserToSite` (
  `user_id` int(11) DEFAULT NULL,
  `site_id` int(11) DEFAULT NULL
) ENGINE=MyISAM DEFAULT CHARSET=latin1;

LOCK TABLES `athena_UserToSite` WRITE;
/*!40000 ALTER TABLE `athena_UserToSite` DISABLE KEYS */;
INSERT INTO `athena_UserToSite` (`user_id`,`site_id`)
VALUES
	(1,1),
	(1,2),
	(1,3),
	(1,4),
	(1,5);

/*!40000 ALTER TABLE `athena_UserToSite` ENABLE KEYS */;
UNLOCK TABLES;


# Dump of table stats_PageViews
# ------------------------------------------------------------

DROP TABLE IF EXISTS `stats_PageViews`;

CREATE TABLE `stats_PageViews` (
  `site_id` int(11) DEFAULT NULL,
  `page_id` int(11) DEFAULT NULL,
  `page` varchar(255) DEFAULT NULL,
  `path` varchar(255) DEFAULT NULL,
  `query_string` varchar(60) DEFAULT NULL,
  `view_date` datetime DEFAULT NULL,
  `ip_long` bigint(20) DEFAULT NULL,
  `is_bot` tinyint(1) DEFAULT '0',
  `browser` varchar(25) DEFAULT NULL,
  `browser_ver` varchar(8) DEFAULT NULL,
  `os` varchar(25) DEFAULT NULL,
  `referer` varchar(255) DEFAULT NULL,
  `user_agent` varchar(255) DEFAULT NULL,
  `server_ip` bigint(20) DEFAULT NULL,
  KEY `pageview_siteid` (`site_id`)
) ENGINE=MyISAM DEFAULT CHARSET=utf8;

LOCK TABLES `stats_PageViews` WRITE;
/*!40000 ALTER TABLE `stats_PageViews` DISABLE KEYS */;
INSERT INTO `stats_PageViews` (`site_id`,`page_id`,`page`,`path`,`query_string`,`view_date`,`ip_long`,`is_bot`,`browser`,`browser_ver`,`os`,`referer`,`user_agent`,`server_ip`)
VALUES
	(4,18,'blog.html','/','tag=tag1','2010-08-21 06:04:15',1660256890,0,'Firefox','3.6.8','Apple','http://cgp.athenasites.com/blog/2010/8/19/courtney-senior-portraits-in-colorado-springs.html','Mozilla/5.0 (Macintosh; U; Intel Mac OS X 10.6; en-US; rv:1.9.2.8) Gecko/20100722 Firefox/3.6.8',2915793722),
	(4,14,'weddinggallery1.html','/weddings/','','2010-08-21 06:05:01',1660256890,0,'Firefox','3.6.8','Apple','http://cgp.athenasites.com/blog.html?tag=tag1','Mozilla/5.0 (Macintosh; U; Intel Mac OS X 10.6; en-US; rv:1.9.2.8) Gecko/20100722 Firefox/3.6.8',2915793722),
	(4,11,'gallery1.html','/portraits/','','2010-08-21 06:05:39',1660256890,0,'Firefox','3.6.8','Apple','http://cgp.athenasites.com/weddings/Weddinggallery1.html','Mozilla/5.0 (Macintosh; U; Intel Mac OS X 10.6; en-US; rv:1.9.2.8) Gecko/20100722 Firefox/3.6.8',2915793722),
	(1,27,'','/','','2010-08-21 06:05:55',1660256890,0,'Firefox','3.6.8','Apple','','Mozilla/5.0 (Macintosh; U; Intel Mac OS X 10.6; en-US; rv:1.9.2.8) Gecko/20100722 Firefox/3.6.8',2915793722),
	(4,9,'','/','','2010-08-21 06:06:33',1660256890,0,'Firefox','3.6.8','Apple','','Mozilla/5.0 (Macintosh; U; Intel Mac OS X 10.6; en-US; rv:1.9.2.8) Gecko/20100722 Firefox/3.6.8',2915793722),
	(5,9,'','/','','2010-08-21 06:07:17',1660256890,0,'Firefox','3.6.8','Apple','','Mozilla/5.0 (Macintosh; U; Intel Mac OS X 10.6; en-US; rv:1.9.2.8) Gecko/20100722 Firefox/3.6.8',2915793722),
	(5,15,'weddinggallery1.html','/portfolio/','','2010-08-21 06:07:19',1660256890,0,'Firefox','3.6.8','Apple','http://holly.athenasites.com/','Mozilla/5.0 (Macintosh; U; Intel Mac OS X 10.6; en-US; rv:1.9.2.8) Gecko/20100722 Firefox/3.6.8',2915793722),
	(1,27,'castlewood-canyon-state-park-portraits.html','/portraitlocations/','','2010-08-21 11:18:35',1123631608,1,'GoogleBot','2.1','unknown','','Mozilla/5.0 (compatible; Googlebot/2.1; +http://www.google.com/bot.html)',2915793722),
	(1,27,'','/','','2010-08-21 17:28:03',1660256890,0,'Firefox','3.6.8','Apple','','Mozilla/5.0 (Macintosh; U; Intel Mac OS X 10.6; en-US; rv:1.9.2.8) Gecko/20100722 Firefox/3.6.8 GTB7.1',2915793722),
	(4,18,'danielle-and-jeff-wild-basin-lodge-wedding.html','/blog/2010/8/19/','','2010-08-21 17:28:47',1660256890,0,'Firefox','3.6.8','Apple','http://cgp.athenasites.com/admin/main.php?site_id=4','Mozilla/5.0 (Macintosh; U; Intel Mac OS X 10.6; en-US; rv:1.9.2.8) Gecko/20100722 Firefox/3.6.8 GTB7.1',2915793722),
	(4,18,'blog.html','/','category=cat1','2010-08-21 17:28:52',1660256890,0,'Firefox','3.6.8','Apple','http://cgp.athenasites.com/blog/2010/8/19/danielle-and-jeff-wild-basin-lodge-wedding.html','Mozilla/5.0 (Macintosh; U; Intel Mac OS X 10.6; en-US; rv:1.9.2.8) Gecko/20100722 Firefox/3.6.8 GTB7.1',2915793722),
	(4,18,'blog.html','/','tag=tag1','2010-08-21 17:28:55',1660256890,0,'Firefox','3.6.8','Apple','http://cgp.athenasites.com/blog.html?category=cat1','Mozilla/5.0 (Macintosh; U; Intel Mac OS X 10.6; en-US; rv:1.9.2.8) Gecko/20100722 Firefox/3.6.8 GTB7.1',2915793722),
	(4,18,'blog.html','/','tag=tag3','2010-08-21 17:28:57',1660256890,0,'Firefox','3.6.8','Apple','http://cgp.athenasites.com/blog.html?tag=tag1','Mozilla/5.0 (Macintosh; U; Intel Mac OS X 10.6; en-US; rv:1.9.2.8) Gecko/20100722 Firefox/3.6.8 GTB7.1',2915793722),
	(4,18,'blog.html','/','tag=tag1','2010-08-21 17:28:59',1660256890,0,'Firefox','3.6.8','Apple','http://cgp.athenasites.com/blog.html?tag=tag3','Mozilla/5.0 (Macintosh; U; Intel Mac OS X 10.6; en-US; rv:1.9.2.8) Gecko/20100722 Firefox/3.6.8 GTB7.1',2915793722),
	(4,18,'danielle-and-jeff-wild-basin-lodge-wedding.html','/blog/2010/8/19/','','2010-08-21 17:29:05',1660256890,0,'Firefox','3.6.8','Apple','http://cgp.athenasites.com/blog.html?tag=tag2','Mozilla/5.0 (Macintosh; U; Intel Mac OS X 10.6; en-US; rv:1.9.2.8) Gecko/20100722 Firefox/3.6.8 GTB7.1',2915793722),
	(4,18,'danielle-and-jeff-wild-basin-lodge-wedding.html','/blog/2010/8/19/','','2010-08-21 17:29:06',1660256890,0,'Firefox','3.6.8','Apple','http://cgp.athenasites.com/blog/2010/8/19/danielle-and-jeff-wild-basin-lodge-wedding.html','Mozilla/5.0 (Macintosh; U; Intel Mac OS X 10.6; en-US; rv:1.9.2.8) Gecko/20100722 Firefox/3.6.8 GTB7.1',2915793722),
	(4,14,'weddinggallery1.html','/weddings/','','2010-08-21 17:29:45',1660256890,0,'Firefox','3.6.8','Apple','http://cgp.athenasites.com/blog/2010/8/19/danielle-and-jeff-wild-basin-lodge-wedding.html','Mozilla/5.0 (Macintosh; U; Intel Mac OS X 10.6; en-US; rv:1.9.2.8) Gecko/20100722 Firefox/3.6.8 GTB7.1',2915793722),
	(4,18,'blog.html','/','','2010-08-21 17:29:48',1660256890,0,'Firefox','3.6.8','Apple','http://cgp.athenasites.com/weddings/Weddinggallery1.html','Mozilla/5.0 (Macintosh; U; Intel Mac OS X 10.6; en-US; rv:1.9.2.8) Gecko/20100722 Firefox/3.6.8 GTB7.1',2915793722),
	(4,15,'weddinggallery2.html','/weddings/','','2010-08-21 17:29:54',1660256890,0,'Firefox','3.6.8','Apple','http://cgp.athenasites.com/blog.html','Mozilla/5.0 (Macintosh; U; Intel Mac OS X 10.6; en-US; rv:1.9.2.8) Gecko/20100722 Firefox/3.6.8 GTB7.1',2915793722),
	(4,18,'blog.html','/','','2010-08-21 17:30:07',1660256890,0,'Firefox','3.6.8','Apple','http://cgp.athenasites.com/weddings/Weddinggallery2.html','Mozilla/5.0 (Macintosh; U; Intel Mac OS X 10.6; en-US; rv:1.9.2.8) Gecko/20100722 Firefox/3.6.8 GTB7.1',2915793722),
	(4,18,'blog.html','/','','2010-08-21 17:30:13',1660256890,0,'Firefox','3.6.8','Apple','http://cgp.athenasites.com/blog.html','Mozilla/5.0 (Macintosh; U; Intel Mac OS X 10.6; en-US; rv:1.9.2.8) Gecko/20100722 Firefox/3.6.8 GTB7.1',2915793722),
	(4,9,'','/','','2010-08-21 17:35:01',1660256890,0,'Firefox','3.6.8','Apple','','Mozilla/5.0 (Macintosh; U; Intel Mac OS X 10.6; en-US; rv:1.9.2.8) Gecko/20100722 Firefox/3.6.8',2915793722),
	(4,18,'blog.html','/','','2010-08-21 17:35:18',1660256890,0,'Firefox','3.6.8','Apple','http://cgp.athenasites.com/','Mozilla/5.0 (Macintosh; U; Intel Mac OS X 10.6; en-US; rv:1.9.2.8) Gecko/20100722 Firefox/3.6.8',2915793722),
	(1,27,'ideas-for-wedding-bouquets.html','/weddingideas/','','2010-08-21 22:24:04',1123631569,1,'GoogleBot','2.1','unknown','','Mozilla/5.0 (compatible; Googlebot/2.1; +http://www.google.com/bot.html)',2915793722),
	(1,27,'eagle-springs-golf-club-weddings.html','/venues/','','2010-08-22 03:57:55',1123631608,1,'GoogleBot','2.1','unknown','','Mozilla/5.0 (compatible; Googlebot/2.1; +http://www.google.com/bot.html)',2915793722),
	(1,27,'castlewood-canyon-state-park-portraits.html','/portraitlocations/','','2010-08-22 10:48:44',1123631608,1,'GoogleBot','2.1','unknown','','Mozilla/5.0 (compatible; Googlebot/2.1; +http://www.google.com/bot.html)',2915793722),
	(1,27,'','/','','2010-08-22 18:38:28',1600952043,0,'Mozilla','5.0','unknown','','Mozilla/5.0 (compatible; YandexBot/3.0; MirrorDetector; +http://yandex.com/bots)',2915793722),
	(1,27,'','/','','2010-08-22 18:38:29',1600952043,0,'Mozilla','5.0','unknown','','Mozilla/5.0 (compatible; YandexBot/3.0; MirrorDetector; +http://yandex.com/bots)',2915793722),
	(1,27,'keystone-resort-weddings.html','/venues/','','2010-08-23 10:47:26',1123631575,1,'GoogleBot','2.1','unknown','','Mozilla/5.0 (compatible; Googlebot/2.1; +http://www.google.com/bot.html)',2915793722),
	(1,27,'','/','','2010-08-24 18:06:13',1089906080,0,'Firefox','3.5.2','Windows','http://whois.domaintools.com/athenasites.com','Mozilla/5.0 (Windows; U; Windows NT 5.1; en; rv:1.9.0.13) Gecko/2009073022 Firefox/3.5.2 (.NET CLR 3.5.30729) SurveyBot/2.3 (DomainTools)',2915793722),
	(1,27,'','/','','2010-08-24 18:50:18',1600952043,0,'Mozilla','5.0','unknown','','Mozilla/5.0 (compatible; YandexBot/3.0; MirrorDetector; +http://yandex.com/bots)',2915793722),
	(1,27,'','/','','2010-08-24 18:50:19',1600952043,0,'Mozilla','5.0','unknown','','Mozilla/5.0 (compatible; YandexBot/3.0; MirrorDetector; +http://yandex.com/bots)',2915793722),
	(1,27,'keystone-resort-weddings.html','/venues/','','2010-08-24 22:24:28',1123631597,1,'GoogleBot','2.1','unknown','','Mozilla/5.0 (compatible; Googlebot/2.1; +http://www.google.com/bot.html)',2915793722),
	(5,9,'','/','','2010-08-25 00:43:58',1660256890,0,'Firefox','3.6.8','Apple','','Mozilla/5.0 (Macintosh; U; Intel Mac OS X 10.6; en-US; rv:1.9.2.8) Gecko/20100722 Firefox/3.6.8',2915793722),
	(5,9,'','/','','2010-08-25 00:45:00',1660256890,0,'Firefox','3.6.8','Apple','','Mozilla/5.0 (Macintosh; U; Intel Mac OS X 10.6; en-US; rv:1.9.2.8) Gecko/20100722 Firefox/3.6.8',2915793722),
	(5,9,'','/','','2010-08-25 00:45:03',1660256890,0,'Firefox','3.6.8','Apple','','Mozilla/5.0 (Macintosh; U; Intel Mac OS X 10.6; en-US; rv:1.9.2.8) Gecko/20100722 Firefox/3.6.8',2915793722),
	(5,9,'','/','','2010-08-25 00:45:26',1660256890,0,'Firefox','3.6.8','Apple','','Mozilla/5.0 (Macintosh; U; Intel Mac OS X 10.6; en-US; rv:1.9.2.8) Gecko/20100722 Firefox/3.6.8',2915793722),
	(5,9,'','/','','2010-08-25 00:45:58',1660256890,0,'Firefox','3.6.8','Apple','','Mozilla/5.0 (Macintosh; U; Intel Mac OS X 10.6; en-US; rv:1.9.2.8) Gecko/20100722 Firefox/3.6.8',2915793722),
	(5,9,'','/','','2010-08-25 00:46:21',1660256890,0,'Firefox','3.6.8','Apple','','Mozilla/5.0 (Macintosh; U; Intel Mac OS X 10.6; en-US; rv:1.9.2.8) Gecko/20100722 Firefox/3.6.8',2915793722),
	(5,9,'','/','','2010-08-25 00:46:45',1660256890,0,'Firefox','3.6.8','Apple','','Mozilla/5.0 (Macintosh; U; Intel Mac OS X 10.6; en-US; rv:1.9.2.8) Gecko/20100722 Firefox/3.6.8',2915793722),
	(5,9,'','/','','2010-08-25 00:46:47',1660256890,0,'Firefox','3.6.8','Apple','','Mozilla/5.0 (Macintosh; U; Intel Mac OS X 10.6; en-US; rv:1.9.2.8) Gecko/20100722 Firefox/3.6.8',2915793722);

/*!40000 ALTER TABLE `stats_PageViews` ENABLE KEYS */;
UNLOCK TABLES;





/*!40111 SET SQL_NOTES=@OLD_SQL_NOTES */;
/*!40101 SET SQL_MODE=@OLD_SQL_MODE */;
/*!40014 SET FOREIGN_KEY_CHECKS=@OLD_FOREIGN_KEY_CHECKS */;
/*!40014 SET UNIQUE_CHECKS=@OLD_UNIQUE_CHECKS */;
/*!40101 SET CHARACTER_SET_CLIENT=@OLD_CHARACTER_SET_CLIENT */;
/*!40101 SET CHARACTER_SET_RESULTS=@OLD_CHARACTER_SET_RESULTS */;
/*!40101 SET COLLATION_CONNECTION=@OLD_COLLATION_CONNECTION */;
